text,label
"QUOTATION

Quote Number: QT-2093
Quotation Date: 2026-09-21
Valid Until: 2026-10-10

Prepared By: Alpha Business Services
Customer: Northstar Consulting

Item Description: Printer Cartridge
Quantity: 2
Unit Price: USD 250.39
Amount: USD 500.79

Subtotal: USD 500.79
Estimated Tax: USD 50.08
Quoted Total: USD 550.86

This quotation is valid for 30 days.
Prices are subject to the stated terms.",QUOTATION
"QUOTATION

Quote Number: QT-2049
Quotation Date: 2026-09-15
Valid Until: 2026-10-08

Prepared By: Prime Distribution
Customer: Bright Future Ltd

Item Description: Wireless Keyboard
Quantity: 6
Unit Price: USD 132.12
Amount: USD 792.70

Subtotal: USD 792.70
Estimated Tax: USD 79.27
Quoted Total: USD 871.97

This quotation is valid for 30 days.
Prices are subject to the stated terms.",QUOTATION
"SALES RECEIPT

Receipt No: RCP-3002
Date: 2026-09-20

Merchant: Nova Office Supplies

Laptop Stand
Qty: 4
Price: USD 97.65
Amount: USD 390.59

Subtotal: USD 390.59
Tax: USD 31.25
Total Paid: USD 421.84

Payment Method: Card
Payment Status: PAID

Thank you for your purchase.",RECEIPT
"INVOICE

Invoice Number: INV-1095
Invoice Date: 2026-09-21
Due Date: 2026-10-09

Vendor: City Computer Store
Bill To: Northstar Consulting

Description: Network Installation
Quantity: 3
Unit Price: USD 225.46
Line Total: USD 676.39

Subtotal: USD 676.39
Tax: USD 67.64
Grand Total: USD 744.03

Payment Terms: Net 30
Thank you for your business.",INVOICE
"INVOICE

Invoice Number: INV-1112
Invoice Date: 2026-09-26
Due Date: 2026-10-20

Vendor: GreenTech Solutions
Bill To: Northstar Consulting

Description: Office Chair
Quantity: 7
Unit Price: USD 189.77
Line Total: USD 1328.38

Subtotal: USD 1328.38
Tax: USD 132.84
Grand Total: USD 1461.22

Payment Terms: Net 30
Thank you for your business.",INVOICE
"INVOICE

Invoice Number: INV-1102
Invoice Date: 2026-09-08
Due Date: 2026-10-10

Vendor: Nova Office Supplies
Bill To: ABC Holdings

Description: USB Cable
Quantity: 4
Unit Price: USD 133.23
Line Total: USD 532.93

Subtotal: USD 532.93
Tax: USD 53.29
Grand Total: USD 586.22

Payment Terms: Net 30
Thank you for your business.",INVOICE
"QUOTATION

Quote Number: QT-2035
Quotation Date: 2026-09-08
Valid Until: 2026-10-20

Prepared By: Nova Office Supplies
Customer: Ocean View Enterprises

Item Description: Printer Cartridge
Quantity: 5
Unit Price: USD 394.60
Amount: USD 1972.99

Subtotal: USD 1972.99
Estimated Tax: USD 197.30
Quoted Total: USD 2170.29

This quotation is valid for 30 days.
Prices are subject to the stated terms.",QUOTATION
"QUOTATION

Quote Number: QT-2090
Quotation Date: 2026-09-05
Valid Until: 2026-10-09

Prepared By: BlueWave Trading
Customer: Bright Future Ltd

Item Description: Consulting Service
Quantity: 3
Unit Price: USD 141.05
Amount: USD 423.14

Subtotal: USD 423.14
Estimated Tax: USD 42.31
Quoted Total: USD 465.45

This quotation is valid for 30 days.
Prices are subject to the stated terms.",QUOTATION
"INVOICE

Invoice Number: INV-1026
Invoice Date: 2026-09-19
Due Date: 2026-10-18

Vendor: GreenTech Solutions
Bill To: Northstar Consulting

Description: Laptop Stand
Quantity: 2
Unit Price: USD 114.66
Line Total: USD 229.33

Subtotal: USD 229.33
Tax: USD 22.93
Grand Total: USD 252.26

Payment Terms: Net 30
Thank you for your business.",INVOICE
"INVOICE

Invoice Number: INV-1049
Invoice Date: 2026-09-25
Due Date: 2026-10-05

Vendor: GreenTech Solutions
Bill To: Global Retail Group

Description: USB Cable
Quantity: 1
Unit Price: USD 20.99
Line Total: USD 20.99

Subtotal: USD 20.99
Tax: USD 2.10
Grand Total: USD 23.09

Payment Terms: Net 30
Thank you for your business.",INVOICE
"SALES RECEIPT

Receipt No: RCP-3049
Date: 2026-09-21

Merchant: Alpha Business Services

Wireless Keyboard
Qty: 1
Price: USD 16.78
Amount: USD 16.78

Subtotal: USD 16.78
Tax: USD 1.34
Total Paid: USD 18.12

Payment Method: Card
Payment Status: PAID

Thank you for your purchase.",RECEIPT
"SALES RECEIPT

Receipt No: RCP-3117
Date: 2026-09-04

Merchant: City Computer Store

Consulting Service
Qty: 1
Price: USD 138.00
Amount: USD 138.00

Subtotal: USD 138.00
Tax: USD 11.04
Total Paid: USD 149.04

Payment Method: Card
Payment Status: PAID

Thank you for your purchase.",RECEIPT
"QUOTATION

Quote Number: QT-2063
Quotation Date: 2026-09-14
Valid Until: 2026-10-04

Prepared By: Alpha Business Services
Customer: Global Retail Group

Item Description: USB Cable
Quantity: 8
Unit Price: USD 267.61
Amount: USD 2140.87

Subtotal: USD 2140.87
Estimated Tax: USD 214.09
Quoted Total: USD 2354.96

This quotation is valid for 30 days.
Prices are subject to the stated terms.",QUOTATION
"QUOTATION

Quote Number: QT-2019
Quotation Date: 2026-09-16
Valid Until: 2026-10-23

Prepared By: Prime Distribution
Customer: Northstar Consulting

Item Description: Network Installation
Quantity: 1
Unit Price: USD 179.54
Amount: USD 179.54

Subtotal: USD 179.54
Estimated Tax: USD 17.95
Quoted Total: USD 197.50

This quotation is valid for 30 days.
Prices are subject to the stated terms.",QUOTATION
"QUOTATION

Quote Number: QT-2076
Quotation Date: 2026-09-10
Valid Until: 2026-10-24

Prepared By: Prime Distribution
Customer: Global Retail Group

Item Description: Printer Cartridge
Quantity: 6
Unit Price: USD 103.98
Amount: USD 623.89

Subtotal: USD 623.89
Estimated Tax: USD 62.39
Quoted Total: USD 686.28

This quotation is valid for 30 days.
Prices are subject to the stated terms.",QUOTATION
"INVOICE

Invoice Number: INV-1063
Invoice Date: 2026-09-11
Due Date: 2026-10-20

Vendor: BlueWave Trading
Bill To: Bright Future Ltd

Description: Network Installation
Quantity: 2
Unit Price: USD 285.68
Line Total: USD 571.37

Subtotal: USD 571.37
Tax: USD 57.14
Grand Total: USD 628.51

Payment Terms: Net 30
Thank you for your business.",INVOICE
"INVOICE

Invoice Number: INV-1098
Invoice Date: 2026-09-06
Due Date: 2026-10-16

Vendor: Prime Distribution
Bill To: Bright Future Ltd

Description: Wireless Keyboard
Quantity: 8
Unit Price: USD 258.27
Line Total: USD 2066.13

Subtotal: USD 2066.13
Tax: USD 206.61
Grand Total: USD 2272.75

Payment Terms: Net 30
Thank you for your business.",INVOICE
"QUOTATION

Quote Number: QT-2009
Quotation Date: 2026-09-05
Valid Until: 2026-10-10

Prepared By: City Computer Store
Customer: Global Retail Group

Item Description: Wireless Keyboard
Quantity: 4
Unit Price: USD 155.52
Amount: USD 622.07

Subtotal: USD 622.07
Estimated Tax: USD 62.21
Quoted Total: USD 684.27

This quotation is valid for 30 days.
Prices are subject to the stated terms.",QUOTATION
"SALES RECEIPT

Receipt No: RCP-3063
Date: 2026-09-04

Merchant: City Computer Store

USB Cable
Qty: 5
Price: USD 6.19
Amount: USD 30.93

Subtotal: USD 30.93
Tax: USD 2.47
Total Paid: USD 33.40

Payment Method: Card
Payment Status: PAID

Thank you for your purchase.",RECEIPT
"INVOICE

Invoice Number: INV-1044
Invoice Date: 2026-09-12
Due Date: 2026-10-03

Vendor: GreenTech Solutions
Bill To: Ocean View Enterprises

Description: Laptop Stand
Quantity: 5
Unit Price: USD 57.09
Line Total: USD 285.44

Subtotal: USD 285.44
Tax: USD 28.54
Grand Total: USD 313.98

Payment Terms: Net 30
Thank you for your business.",INVOICE
"SALES RECEIPT

Receipt No: RCP-3007
Date: 2026-09-13

Merchant: Nova Office Supplies

Network Installation
Qty: 4
Price: USD 11.31
Amount: USD 45.25

Subtotal: USD 45.25
Tax: USD 3.62
Total Paid: USD 48.87

Payment Method: Card
Payment Status: PAID

Thank you for your purchase.",RECEIPT
"INVOICE

Invoice Number: INV-1042
Invoice Date: 2026-09-10
Due Date: 2026-10-15

Vendor: BlueWave Trading
Bill To: Bright Future Ltd

Description: Network Installation
Quantity: 3
Unit Price: USD 208.07
Line Total: USD 624.22

Subtotal: USD 624.22
Tax: USD 62.42
Grand Total: USD 686.64

Payment Terms: Net 30
Thank you for your business.",INVOICE
"QUOTATION

Quote Number: QT-2054
Quotation Date: 2026-09-05
Valid Until: 2026-10-26

Prepared By: BlueWave Trading
Customer: Ocean View Enterprises

Item Description: Laptop Stand
Quantity: 4
Unit Price: USD 184.42
Amount: USD 737.69

Subtotal: USD 737.69
Estimated Tax: USD 73.77
Quoted Total: USD 811.46

This quotation is valid for 30 days.
Prices are subject to the stated terms.",QUOTATION
"SALES RECEIPT

Receipt No: RCP-3059
Date: 2026-09-16

Merchant: Alpha Business Services

Consulting Service
Qty: 2
Price: USD 115.65
Amount: USD 231.31

Subtotal: USD 231.31
Tax: USD 18.50
Total Paid: USD 249.81

Payment Method: Card
Payment Status: PAID

Thank you for your purchase.",RECEIPT
"QUOTATION

Quote Number: QT-2079
Quotation Date: 2026-09-04
Valid Until: 2026-10-12

Prepared By: City Computer Store
Customer: Global Retail Group

Item Description: USB Cable
Quantity: 4
Unit Price: USD 384.82
Amount: USD 1539.29

Subtotal: USD 1539.29
Estimated Tax: USD 153.93
Quoted Total: USD 1693.22

This quotation is valid for 30 days.
Prices are subject to the stated terms.",QUOTATION
"INVOICE

Invoice Number: INV-1100
Invoice Date: 2026-09-24
Due Date: 2026-10-14

Vendor: Sunrise Stationery
Bill To: Ocean View Enterprises

Description: Wireless Keyboard
Quantity: 4
Unit Price: USD 43.97
Line Total: USD 175.89

Subtotal: USD 175.89
Tax: USD 17.59
Grand Total: USD 193.48

Payment Terms: Net 30
Thank you for your business.",INVOICE
"INVOICE

Invoice Number: INV-1110
Invoice Date: 2026-09-13
Due Date: 2026-10-16

Vendor: Nova Office Supplies
Bill To: Bright Future Ltd

Description: Printer Cartridge
Quantity: 2
Unit Price: USD 250.19
Line Total: USD 500.38

Subtotal: USD 500.38
Tax: USD 50.04
Grand Total: USD 550.42

Payment Terms: Net 30
Thank you for your business.",INVOICE
"QUOTATION

Quote Number: QT-2025
Quotation Date: 2026-09-25
Valid Until: 2026-10-21

Prepared By: Sunrise Stationery
Customer: Northstar Consulting

Item Description: Office Chair
Quantity: 7
Unit Price: USD 489.82
Amount: USD 3428.73

Subtotal: USD 3428.73
Estimated Tax: USD 342.87
Quoted Total: USD 3771.60

This quotation is valid for 30 days.
Prices are subject to the stated terms.",QUOTATION
"SALES RECEIPT

Receipt No: RCP-3116
Date: 2026-09-03

Merchant: BlueWave Trading

Laptop Stand
Qty: 5
Price: USD 131.60
Amount: USD 658.02

Subtotal: USD 658.02
Tax: USD 52.64
Total Paid: USD 710.66

Payment Method: Card
Payment Status: PAID

Thank you for your purchase.",RECEIPT
"SALES RECEIPT

Receipt No: RCP-3034
Date: 2026-09-26

Merchant: City Computer Store

Printer Paper
Qty: 4
Price: USD 149.60
Amount: USD 598.41

Subtotal: USD 598.41
Tax: USD 47.87
Total Paid: USD 646.29

Payment Method: Card
Payment Status: PAID

Thank you for your purchase.",RECEIPT
"SALES RECEIPT

Receipt No: RCP-3018
Date: 2026-09-17

Merchant: City Computer Store

Printer Cartridge
Qty: 3
Price: USD 139.03
Amount: USD 417.08

Subtotal: USD 417.08
Tax: USD 33.37
Total Paid: USD 450.44

Payment Method: Card
Payment Status: PAID

Thank you for your purchase.",RECEIPT
"SALES RECEIPT

Receipt No: RCP-3066
Date: 2026-09-13

Merchant: BlueWave Trading

Consulting Service
Qty: 5
Price: USD 46.85
Amount: USD 234.24

Subtotal: USD 234.24
Tax: USD 18.74
Total Paid: USD 252.98

Payment Method: Card
Payment Status: PAID

Thank you for your purchase.",RECEIPT
"SALES RECEIPT

Receipt No: RCP-3024
Date: 2026-09-26

Merchant: Nova Office Supplies

Office Chair
Qty: 4
Price: USD 57.68
Amount: USD 230.72

Subtotal: USD 230.72
Tax: USD 18.46
Total Paid: USD 249.18

Payment Method: Card
Payment Status: PAID

Thank you for your purchase.",RECEIPT
"QUOTATION

Quote Number: QT-2110
Quotation Date: 2026-09-08
Valid Until: 2026-10-10

Prepared By: City Computer Store
Customer: Ocean View Enterprises

Item Description: USB Cable
Quantity: 8
Unit Price: USD 139.98
Amount: USD 1119.85

Subtotal: USD 1119.85
Estimated Tax: USD 111.99
Quoted Total: USD 1231.84

This quotation is valid for 30 days.
Prices are subject to the stated terms.",QUOTATION
"QUOTATION

Quote Number: QT-2106
Quotation Date: 2026-09-10
Valid Until: 2026-10-28

Prepared By: City Computer Store
Customer: Northstar Consulting

Item Description: Laptop Stand
Quantity: 3
Unit Price: USD 102.82
Amount: USD 308.47

Subtotal: USD 308.47
Estimated Tax: USD 30.85
Quoted Total: USD 339.32

This quotation is valid for 30 days.
Prices are subject to the stated terms.",QUOTATION
"QUOTATION

Quote Number: QT-2070
Quotation Date: 2026-09-17
Valid Until: 2026-10-07

Prepared By: Sunrise Stationery
Customer: Ocean View Enterprises

Item Description: USB Cable
Quantity: 6
Unit Price: USD 78.69
Amount: USD 472.15

Subtotal: USD 472.15
Estimated Tax: USD 47.22
Quoted Total: USD 519.37

This quotation is valid for 30 days.
Prices are subject to the stated terms.",QUOTATION
"INVOICE

Invoice Number: INV-1033
Invoice Date: 2026-09-03
Due Date: 2026-10-15

Vendor: Metro Electronics
Bill To: Bright Future Ltd

Description: Printer Cartridge
Quantity: 4
Unit Price: USD 264.86
Line Total: USD 1059.42

Subtotal: USD 1059.42
Tax: USD 105.94
Grand Total: USD 1165.37

Payment Terms: Net 30
Thank you for your business.",INVOICE
"QUOTATION

Quote Number: QT-2107
Quotation Date: 2026-09-20
Valid Until: 2026-10-05

Prepared By: GreenTech Solutions
Customer: Ocean View Enterprises

Item Description: Wireless Keyboard
Quantity: 6
Unit Price: USD 441.90
Amount: USD 2651.43

Subtotal: USD 2651.43
Estimated Tax: USD 265.14
Quoted Total: USD 2916.57

This quotation is valid for 30 days.
Prices are subject to the stated terms.",QUOTATION
"QUOTATION

Quote Number: QT-2084
Quotation Date: 2026-09-15
Valid Until: 2026-10-03

Prepared By: Alpha Business Services
Customer: ABC Holdings

Item Description: Network Installation
Quantity: 1
Unit Price: USD 235.02
Amount: USD 235.02

Subtotal: USD 235.02
Estimated Tax: USD 23.50
Quoted Total: USD 258.53

This quotation is valid for 30 days.
Prices are subject to the stated terms.",QUOTATION
"INVOICE

Invoice Number: INV-1021
Invoice Date: 2026-09-12
Due Date: 2026-10-27

Vendor: Nova Office Supplies
Bill To: Ocean View Enterprises

Description: Consulting Service
Quantity: 8
Unit Price: USD 25.45
Line Total: USD 203.63

Subtotal: USD 203.63
Tax: USD 20.36
Grand Total: USD 223.99

Payment Terms: Net 30
Thank you for your business.",INVOICE
"QUOTATION

Quote Number: QT-2027
Quotation Date: 2026-09-08
Valid Until: 2026-10-17

Prepared By: Nova Office Supplies
Customer: Bright Future Ltd

Item Description: Consulting Service
Quantity: 6
Unit Price: USD 232.42
Amount: USD 1394.54

Subtotal: USD 1394.54
Estimated Tax: USD 139.45
Quoted Total: USD 1533.99

This quotation is valid for 30 days.
Prices are subject to the stated terms.",QUOTATION
"QUOTATION

Quote Number: QT-2055
Quotation Date: 2026-09-26
Valid Until: 2026-10-06

Prepared By: Nova Office Supplies
Customer: Bright Future Ltd

Item Description: Printer Paper
Quantity: 3
Unit Price: USD 283.90
Amount: USD 851.70

Subtotal: USD 851.70
Estimated Tax: USD 85.17
Quoted Total: USD 936.87

This quotation is valid for 30 days.
Prices are subject to the stated terms.",QUOTATION
"SALES RECEIPT

Receipt No: RCP-3072
Date: 2026-09-13

Merchant: Metro Electronics

Consulting Service
Qty: 5
Price: USD 51.19
Amount: USD 255.93

Subtotal: USD 255.93
Tax: USD 20.47
Total Paid: USD 276.41

Payment Method: Card
Payment Status: PAID

Thank you for your purchase.",RECEIPT
"QUOTATION

Quote Number: QT-2111
Quotation Date: 2026-09-15
Valid Until: 2026-10-25

Prepared By: City Computer Store
Customer: Northstar Consulting

Item Description: Consulting Service
Quantity: 10
Unit Price: USD 492.69
Amount: USD 4926.87

Subtotal: USD 4926.87
Estimated Tax: USD 492.69
Quoted Total: USD 5419.55

This quotation is valid for 30 days.
Prices are subject to the stated terms.",QUOTATION
"INVOICE

Invoice Number: INV-1093
Invoice Date: 2026-09-21
Due Date: 2026-10-11

Vendor: Nova Office Supplies
Bill To: Bright Future Ltd

Description: Network Installation
Quantity: 6
Unit Price: USD 39.31
Line Total: USD 235.85

Subtotal: USD 235.85
Tax: USD 23.58
Grand Total: USD 259.43

Payment Terms: Net 30
Thank you for your business.",INVOICE
"INVOICE

Invoice Number: INV-1040
Invoice Date: 2026-09-02
Due Date: 2026-10-20

Vendor: BlueWave Trading
Bill To: Global Retail Group

Description: Office Chair
Quantity: 4
Unit Price: USD 182.10
Line Total: USD 728.39

Subtotal: USD 728.39
Tax: USD 72.84
Grand Total: USD 801.23

Payment Terms: Net 30
Thank you for your business.",INVOICE
"QUOTATION

Quote Number: QT-2067
Quotation Date: 2026-09-24
Valid Until: 2026-10-12

Prepared By: GreenTech Solutions
Customer: ABC Holdings

Item Description: Office Chair
Quantity: 7
Unit Price: USD 75.39
Amount: USD 527.70

Subtotal: USD 527.70
Estimated Tax: USD 52.77
Quoted Total: USD 580.47

This quotation is valid for 30 days.
Prices are subject to the stated terms.",QUOTATION
"SALES RECEIPT

Receipt No: RCP-3086
Date: 2026-09-18

Merchant: BlueWave Trading

Printer Cartridge
Qty: 3
Price: USD 74.57
Amount: USD 223.71

Subtotal: USD 223.71
Tax: USD 17.90
Total Paid: USD 241.61

Payment Method: Card
Payment Status: PAID

Thank you for your purchase.",RECEIPT
"QUOTATION

Quote Number: QT-2018
Quotation Date: 2026-09-08
Valid Until: 2026-10-19

Prepared By: Prime Distribution
Customer: Global Retail Group

Item Description: Consulting Service
Quantity: 4
Unit Price: USD 490.96
Amount: USD 1963.86

Subtotal: USD 1963.86
Estimated Tax: USD 196.39
Quoted Total: USD 2160.24

This quotation is valid for 30 days.
Prices are subject to the stated terms.",QUOTATION
"SALES RECEIPT

Receipt No: RCP-3083
Date: 2026-09-25

Merchant: City Computer Store

Consulting Service
Qty: 5
Price: USD 56.37
Amount: USD 281.86

Subtotal: USD 281.86
Tax: USD 22.55
Total Paid: USD 304.41

Payment Method: Card
Payment Status: PAID

Thank you for your purchase.",RECEIPT
"INVOICE

Invoice Number: INV-1074
Invoice Date: 2026-09-24
Due Date: 2026-10-28

Vendor: Alpha Business Services
Bill To: Global Retail Group

Description: Network Installation
Quantity: 8
Unit Price: USD 271.22
Line Total: USD 2169.75

Subtotal: USD 2169.75
Tax: USD 216.97
Grand Total: USD 2386.72

Payment Terms: Net 30
Thank you for your business.",INVOICE
"QUOTATION

Quote Number: QT-2042
Quotation Date: 2026-09-01
Valid Until: 2026-10-09

Prepared By: Prime Distribution
Customer: Ocean View Enterprises

Item Description: Consulting Service
Quantity: 2
Unit Price: USD 401.62
Amount: USD 803.24

Subtotal: USD 803.24
Estimated Tax: USD 80.32
Quoted Total: USD 883.57

This quotation is valid for 30 days.
Prices are subject to the stated terms.",QUOTATION
"SALES RECEIPT

Receipt No: RCP-3085
Date: 2026-09-23

Merchant: Sunrise Stationery

Laptop Stand
Qty: 3
Price: USD 116.82
Amount: USD 350.46

Subtotal: USD 350.46
Tax: USD 28.04
Total Paid: USD 378.50

Payment Method: Card
Payment Status: PAID

Thank you for your purchase.",RECEIPT
"INVOICE

Invoice Number: INV-1083
Invoice Date: 2026-09-22
Due Date: 2026-10-01

Vendor: Metro Electronics
Bill To: Ocean View Enterprises

Description: Wireless Keyboard
Quantity: 7
Unit Price: USD 185.73
Line Total: USD 1300.11

Subtotal: USD 1300.11
Tax: USD 130.01
Grand Total: USD 1430.12

Payment Terms: Net 30
Thank you for your business.",INVOICE
"SALES RECEIPT

Receipt No: RCP-3080
Date: 2026-09-25

Merchant: Metro Electronics

Network Installation
Qty: 2
Price: USD 64.50
Amount: USD 129.01

Subtotal: USD 129.01
Tax: USD 10.32
Total Paid: USD 139.33

Payment Method: Card
Payment Status: PAID

Thank you for your purchase.",RECEIPT
"SALES RECEIPT

Receipt No: RCP-3109
Date: 2026-09-25

Merchant: Nova Office Supplies

USB Cable
Qty: 4
Price: USD 39.15
Amount: USD 156.60

Subtotal: USD 156.60
Tax: USD 12.53
Total Paid: USD 169.13

Payment Method: Card
Payment Status: PAID

Thank you for your purchase.",RECEIPT
"INVOICE

Invoice Number: INV-1059
Invoice Date: 2026-09-13
Due Date: 2026-10-22

Vendor: Sunrise Stationery
Bill To: ABC Holdings

Description: USB Cable
Quantity: 6
Unit Price: USD 199.61
Line Total: USD 1197.69

Subtotal: USD 1197.69
Tax: USD 119.77
Grand Total: USD 1317.46

Payment Terms: Net 30
Thank you for your business.",INVOICE
"SALES RECEIPT

Receipt No: RCP-3076
Date: 2026-09-26

Merchant: Nova Office Supplies

Printer Cartridge
Qty: 3
Price: USD 145.23
Amount: USD 435.68

Subtotal: USD 435.68
Tax: USD 34.85
Total Paid: USD 470.53

Payment Method: Card
Payment Status: PAID

Thank you for your purchase.",RECEIPT
"INVOICE

Invoice Number: INV-1005
Invoice Date: 2026-09-13
Due Date: 2026-10-03

Vendor: Sunrise Stationery
Bill To: ABC Holdings

Description: Printer Cartridge
Quantity: 2
Unit Price: USD 292.47
Line Total: USD 584.94

Subtotal: USD 584.94
Tax: USD 58.49
Grand Total: USD 643.44

Payment Terms: Net 30
Thank you for your business.",INVOICE
"QUOTATION

Quote Number: QT-2066
Quotation Date: 2026-09-16
Valid Until: 2026-10-03

Prepared By: Alpha Business Services
Customer: Bright Future Ltd

Item Description: Consulting Service
Quantity: 3
Unit Price: USD 352.81
Amount: USD 1058.42

Subtotal: USD 1058.42
Estimated Tax: USD 105.84
Quoted Total: USD 1164.26

This quotation is valid for 30 days.
Prices are subject to the stated terms.",QUOTATION
"INVOICE

Invoice Number: INV-1109
Invoice Date: 2026-09-11
Due Date: 2026-10-06

Vendor: GreenTech Solutions
Bill To: ABC Holdings

Description: USB Cable
Quantity: 8
Unit Price: USD 154.04
Line Total: USD 1232.32

Subtotal: USD 1232.32
Tax: USD 123.23
Grand Total: USD 1355.55

Payment Terms: Net 30
Thank you for your business.",INVOICE
"SALES RECEIPT

Receipt No: RCP-3108
Date: 2026-09-08

Merchant: GreenTech Solutions

Printer Paper
Qty: 2
Price: USD 74.23
Amount: USD 148.46

Subtotal: USD 148.46
Tax: USD 11.88
Total Paid: USD 160.34

Payment Method: Card
Payment Status: PAID

Thank you for your purchase.",RECEIPT
"SALES RECEIPT

Receipt No: RCP-3113
Date: 2026-09-08

Merchant: Sunrise Stationery

Office Chair
Qty: 3
Price: USD 58.29
Amount: USD 174.88

Subtotal: USD 174.88
Tax: USD 13.99
Total Paid: USD 188.87

Payment Method: Card
Payment Status: PAID

Thank you for your purchase.",RECEIPT
"SALES RECEIPT

Receipt No: RCP-3033
Date: 2026-09-03

Merchant: City Computer Store

Laptop Stand
Qty: 1
Price: USD 24.68
Amount: USD 24.68

Subtotal: USD 24.68
Tax: USD 1.97
Total Paid: USD 26.66

Payment Method: Card
Payment Status: PAID

Thank you for your purchase.",RECEIPT
"SALES RECEIPT

Receipt No: RCP-3019
Date: 2026-09-20

Merchant: Sunrise Stationery

Office Chair
Qty: 4
Price: USD 16.44
Amount: USD 65.78

Subtotal: USD 65.78
Tax: USD 5.26
Total Paid: USD 71.04

Payment Method: Card
Payment Status: PAID

Thank you for your purchase.",RECEIPT
"SALES RECEIPT

Receipt No: RCP-3105
Date: 2026-09-26

Merchant: Sunrise Stationery

Printer Paper
Qty: 1
Price: USD 111.81
Amount: USD 111.81

Subtotal: USD 111.81
Tax: USD 8.94
Total Paid: USD 120.75

Payment Method: Card
Payment Status: PAID

Thank you for your purchase.",RECEIPT
"SALES RECEIPT

Receipt No: RCP-3043
Date: 2026-09-28

Merchant: Metro Electronics

Printer Paper
Qty: 2
Price: USD 67.73
Amount: USD 135.46

Subtotal: USD 135.46
Tax: USD 10.84
Total Paid: USD 146.30

Payment Method: Card
Payment Status: PAID

Thank you for your purchase.",RECEIPT
"INVOICE

Invoice Number: INV-1103
Invoice Date: 2026-09-18
Due Date: 2026-10-11

Vendor: Alpha Business Services
Bill To: Global Retail Group

Description: Consulting Service
Quantity: 7
Unit Price: USD 299.06
Line Total: USD 2093.40

Subtotal: USD 2093.40
Tax: USD 209.34
Grand Total: USD 2302.74

Payment Terms: Net 30
Thank you for your business.",INVOICE
"QUOTATION

Quote Number: QT-2080
Quotation Date: 2026-09-22
Valid Until: 2026-10-10

Prepared By: Prime Distribution
Customer: ABC Holdings

Item Description: USB Cable
Quantity: 10
Unit Price: USD 258.72
Amount: USD 2587.17

Subtotal: USD 2587.17
Estimated Tax: USD 258.72
Quoted Total: USD 2845.89

This quotation is valid for 30 days.
Prices are subject to the stated terms.",QUOTATION
"QUOTATION

Quote Number: QT-2060
Quotation Date: 2026-09-28
Valid Until: 2026-10-13

Prepared By: Sunrise Stationery
Customer: Global Retail Group

Item Description: Wireless Keyboard
Quantity: 1
Unit Price: USD 499.34
Amount: USD 499.34

Subtotal: USD 499.34
Estimated Tax: USD 49.93
Quoted Total: USD 549.27

This quotation is valid for 30 days.
Prices are subject to the stated terms.",QUOTATION
"QUOTATION

Quote Number: QT-2100
Quotation Date: 2026-09-25
Valid Until: 2026-10-11

Prepared By: Metro Electronics
Customer: Bright Future Ltd

Item Description: Consulting Service
Quantity: 5
Unit Price: USD 212.09
Amount: USD 1060.43

Subtotal: USD 1060.43
Estimated Tax: USD 106.04
Quoted Total: USD 1166.47

This quotation is valid for 30 days.
Prices are subject to the stated terms.",QUOTATION
"INVOICE

Invoice Number: INV-1045
Invoice Date: 2026-09-18
Due Date: 2026-10-23

Vendor: BlueWave Trading
Bill To: Bright Future Ltd

Description: USB Cable
Quantity: 3
Unit Price: USD 142.69
Line Total: USD 428.08

Subtotal: USD 428.08
Tax: USD 42.81
Grand Total: USD 470.88

Payment Terms: Net 30
Thank you for your business.",INVOICE
"SALES RECEIPT

Receipt No: RCP-3092
Date: 2026-09-19

Merchant: Sunrise Stationery

Printer Paper
Qty: 1
Price: USD 94.27
Amount: USD 94.27

Subtotal: USD 94.27
Tax: USD 7.54
Total Paid: USD 101.82

Payment Method: Card
Payment Status: PAID

Thank you for your purchase.",RECEIPT
"QUOTATION

Quote Number: QT-2068
Quotation Date: 2026-09-18
Valid Until: 2026-10-11

Prepared By: Metro Electronics
Customer: Ocean View Enterprises

Item Description: Wireless Keyboard
Quantity: 10
Unit Price: USD 479.61
Amount: USD 4796.14

Subtotal: USD 4796.14
Estimated Tax: USD 479.61
Quoted Total: USD 5275.75

This quotation is valid for 30 days.
Prices are subject to the stated terms.",QUOTATION
"SALES RECEIPT

Receipt No: RCP-3015
Date: 2026-09-02

Merchant: BlueWave Trading

USB Cable
Qty: 3
Price: USD 130.01
Amount: USD 390.03

Subtotal: USD 390.03
Tax: USD 31.20
Total Paid: USD 421.23

Payment Method: Card
Payment Status: PAID

Thank you for your purchase.",RECEIPT
"QUOTATION

Quote Number: QT-2064
Quotation Date: 2026-09-08
Valid Until: 2026-10-14

Prepared By: GreenTech Solutions
Customer: Ocean View Enterprises

Item Description: Laptop Stand
Quantity: 7
Unit Price: USD 242.23
Amount: USD 1695.62

Subtotal: USD 1695.62
Estimated Tax: USD 169.56
Quoted Total: USD 1865.18

This quotation is valid for 30 days.
Prices are subject to the stated terms.",QUOTATION
"SALES RECEIPT

Receipt No: RCP-3106
Date: 2026-09-21

Merchant: Sunrise Stationery

Laptop Stand
Qty: 2
Price: USD 93.59
Amount: USD 187.18

Subtotal: USD 187.18
Tax: USD 14.97
Total Paid: USD 202.15

Payment Method: Card
Payment Status: PAID

Thank you for your purchase.",RECEIPT
"INVOICE

Invoice Number: INV-1087
Invoice Date: 2026-09-08
Due Date: 2026-10-07

Vendor: Alpha Business Services
Bill To: Northstar Consulting

Description: Office Chair
Quantity: 1
Unit Price: USD 231.19
Line Total: USD 231.19

Subtotal: USD 231.19
Tax: USD 23.12
Grand Total: USD 254.30

Payment Terms: Net 30
Thank you for your business.",INVOICE
"INVOICE

Invoice Number: INV-1012
Invoice Date: 2026-09-21
Due Date: 2026-10-15

Vendor: Alpha Business Services
Bill To: Northstar Consulting

Description: Printer Cartridge
Quantity: 7
Unit Price: USD 267.71
Line Total: USD 1873.98

Subtotal: USD 1873.98
Tax: USD 187.40
Grand Total: USD 2061.38

Payment Terms: Net 30
Thank you for your business.",INVOICE
"SALES RECEIPT

Receipt No: RCP-3041
Date: 2026-09-21

Merchant: Prime Distribution

Office Chair
Qty: 2
Price: USD 146.00
Amount: USD 291.99

Subtotal: USD 291.99
Tax: USD 23.36
Total Paid: USD 315.35

Payment Method: Card
Payment Status: PAID

Thank you for your purchase.",RECEIPT
"SALES RECEIPT

Receipt No: RCP-3061
Date: 2026-09-12

Merchant: Prime Distribution

Printer Cartridge
Qty: 2
Price: USD 36.20
Amount: USD 72.39

Subtotal: USD 72.39
Tax: USD 5.79
Total Paid: USD 78.18

Payment Method: Card
Payment Status: PAID

Thank you for your purchase.",RECEIPT
"SALES RECEIPT

Receipt No: RCP-3077
Date: 2026-09-17

Merchant: BlueWave Trading

Wireless Keyboard
Qty: 5
Price: USD 74.67
Amount: USD 373.33

Subtotal: USD 373.33
Tax: USD 29.87
Total Paid: USD 403.19

Payment Method: Card
Payment Status: PAID

Thank you for your purchase.",RECEIPT
"QUOTATION

Quote Number: QT-2036
Quotation Date: 2026-09-25
Valid Until: 2026-10-24

Prepared By: Alpha Business Services
Customer: Northstar Consulting

Item Description: Laptop Stand
Quantity: 10
Unit Price: USD 147.79
Amount: USD 1477.95

Subtotal: USD 1477.95
Estimated Tax: USD 147.79
Quoted Total: USD 1625.74

This quotation is valid for 30 days.
Prices are subject to the stated terms.",QUOTATION
"SALES RECEIPT

Receipt No: RCP-3016
Date: 2026-09-14

Merchant: Alpha Business Services

USB Cable
Qty: 1
Price: USD 120.90
Amount: USD 120.90

Subtotal: USD 120.90
Tax: USD 9.67
Total Paid: USD 130.58

Payment Method: Card
Payment Status: PAID

Thank you for your purchase.",RECEIPT
"SALES RECEIPT

Receipt No: RCP-3079
Date: 2026-09-14

Merchant: GreenTech Solutions

Laptop Stand
Qty: 1
Price: USD 68.95
Amount: USD 68.95

Subtotal: USD 68.95
Tax: USD 5.52
Total Paid: USD 74.47

Payment Method: Card
Payment Status: PAID

Thank you for your purchase.",RECEIPT
"QUOTATION

Quote Number: QT-2050
Quotation Date: 2026-09-21
Valid Until: 2026-10-12

Prepared By: Alpha Business Services
Customer: ABC Holdings

Item Description: Consulting Service
Quantity: 9
Unit Price: USD 453.80
Amount: USD 4084.17

Subtotal: USD 4084.17
Estimated Tax: USD 408.42
Quoted Total: USD 4492.59

This quotation is valid for 30 days.
Prices are subject to the stated terms.",QUOTATION
"SALES RECEIPT

Receipt No: RCP-3100
Date: 2026-09-24

Merchant: Nova Office Supplies

Network Installation
Qty: 4
Price: USD 32.02
Amount: USD 128.06

Subtotal: USD 128.06
Tax: USD 10.24
Total Paid: USD 138.31

Payment Method: Card
Payment Status: PAID

Thank you for your purchase.",RECEIPT
"SALES RECEIPT

Receipt No: RCP-3097
Date: 2026-09-25

Merchant: Sunrise Stationery

Consulting Service
Qty: 3
Price: USD 98.66
Amount: USD 295.97

Subtotal: USD 295.97
Tax: USD 23.68
Total Paid: USD 319.64

Payment Method: Card
Payment Status: PAID

Thank you for your purchase.",RECEIPT
"QUOTATION

Quote Number: QT-2038
Quotation Date: 2026-09-14
Valid Until: 2026-10-06

Prepared By: Alpha Business Services
Customer: Northstar Consulting

Item Description: Office Chair
Quantity: 5
Unit Price: USD 183.56
Amount: USD 917.79

Subtotal: USD 917.79
Estimated Tax: USD 91.78
Quoted Total: USD 1009.57

This quotation is valid for 30 days.
Prices are subject to the stated terms.",QUOTATION
"SALES RECEIPT

Receipt No: RCP-3023
Date: 2026-09-26

Merchant: Alpha Business Services

Network Installation
Qty: 3
Price: USD 97.72
Amount: USD 293.17

Subtotal: USD 293.17
Tax: USD 23.45
Total Paid: USD 316.62

Payment Method: Card
Payment Status: PAID

Thank you for your purchase.",RECEIPT
"SALES RECEIPT

Receipt No: RCP-3110
Date: 2026-09-19

Merchant: Sunrise Stationery

Consulting Service
Qty: 3
Price: USD 89.46
Amount: USD 268.37

Subtotal: USD 268.37
Tax: USD 21.47
Total Paid: USD 289.84

Payment Method: Card
Payment Status: PAID

Thank you for your purchase.",RECEIPT
"INVOICE

Invoice Number: INV-1070
Invoice Date: 2026-09-25
Due Date: 2026-10-03

Vendor: Nova Office Supplies
Bill To: ABC Holdings

Description: Laptop Stand
Quantity: 8
Unit Price: USD 191.16
Line Total: USD 1529.25

Subtotal: USD 1529.25
Tax: USD 152.93
Grand Total: USD 1682.18

Payment Terms: Net 30
Thank you for your business.",INVOICE
"SALES RECEIPT

Receipt No: RCP-3091
Date: 2026-09-09

Merchant: City Computer Store

Laptop Stand
Qty: 2
Price: USD 125.05
Amount: USD 250.11

Subtotal: USD 250.11
Tax: USD 20.01
Total Paid: USD 270.11

Payment Method: Card
Payment Status: PAID

Thank you for your purchase.",RECEIPT
"INVOICE

Invoice Number: INV-1116
Invoice Date: 2026-09-16
Due Date: 2026-10-10

Vendor: Metro Electronics
Bill To: ABC Holdings

Description: Network Installation
Quantity: 8
Unit Price: USD 213.02
Line Total: USD 1704.19

Subtotal: USD 1704.19
Tax: USD 170.42
Grand Total: USD 1874.61

Payment Terms: Net 30
Thank you for your business.",INVOICE
"INVOICE

Invoice Number: INV-1002
Invoice Date: 2026-09-19
Due Date: 2026-10-09

Vendor: Nova Office Supplies
Bill To: Ocean View Enterprises

Description: Laptop Stand
Quantity: 7
Unit Price: USD 81.72
Line Total: USD 572.06

Subtotal: USD 572.06
Tax: USD 57.21
Grand Total: USD 629.27

Payment Terms: Net 30
Thank you for your business.",INVOICE
"SALES RECEIPT

Receipt No: RCP-3020
Date: 2026-09-11

Merchant: Metro Electronics

USB Cable
Qty: 3
Price: USD 19.88
Amount: USD 59.63

Subtotal: USD 59.63
Tax: USD 4.77
Total Paid: USD 64.40

Payment Method: Card
Payment Status: PAID

Thank you for your purchase.",RECEIPT
"QUOTATION

Quote Number: QT-2118
Quotation Date: 2026-09-16
Valid Until: 2026-10-23

Prepared By: Metro Electronics
Customer: Northstar Consulting

Item Description: Wireless Keyboard
Quantity: 5
Unit Price: USD 461.18
Amount: USD 2305.88

Subtotal: USD 2305.88
Estimated Tax: USD 230.59
Quoted Total: USD 2536.47

This quotation is valid for 30 days.
Prices are subject to the stated terms.",QUOTATION
"SALES RECEIPT

Receipt No: RCP-3054
Date: 2026-09-28

Merchant: BlueWave Trading

Consulting Service
Qty: 5
Price: USD 25.83
Amount: USD 129.16

Subtotal: USD 129.16
Tax: USD 10.33
Total Paid: USD 139.49

Payment Method: Card
Payment Status: PAID

Thank you for your purchase.",RECEIPT
"QUOTATION

Quote Number: QT-2048
Quotation Date: 2026-09-27
Valid Until: 2026-10-16

Prepared By: Prime Distribution
Customer: Ocean View Enterprises

Item Description: Printer Paper
Quantity: 7
Unit Price: USD 337.81
Amount: USD 2364.69

Subtotal: USD 2364.69
Estimated Tax: USD 236.47
Quoted Total: USD 2601.16

This quotation is valid for 30 days.
Prices are subject to the stated terms.",QUOTATION
"SALES RECEIPT

Receipt No: RCP-3028
Date: 2026-09-25

Merchant: Metro Electronics

Printer Cartridge
Qty: 3
Price: USD 58.94
Amount: USD 176.83

Subtotal: USD 176.83
Tax: USD 14.15
Total Paid: USD 190.97

Payment Method: Card
Payment Status: PAID

Thank you for your purchase.",RECEIPT
"QUOTATION

Quote Number: QT-2040
Quotation Date: 2026-09-11
Valid Until: 2026-10-26

Prepared By: Metro Electronics
Customer: Bright Future Ltd

Item Description: Printer Cartridge
Quantity: 5
Unit Price: USD 380.88
Amount: USD 1904.41

Subtotal: USD 1904.41
Estimated Tax: USD 190.44
Quoted Total: USD 2094.86

This quotation is valid for 30 days.
Prices are subject to the stated terms.",QUOTATION
"SALES RECEIPT

Receipt No: RCP-3053
Date: 2026-09-15

Merchant: Nova Office Supplies

Printer Paper
Qty: 4
Price: USD 65.27
Amount: USD 261.06

Subtotal: USD 261.06
Tax: USD 20.88
Total Paid: USD 281.95

Payment Method: Card
Payment Status: PAID

Thank you for your purchase.",RECEIPT
"INVOICE

Invoice Number: INV-1007
Invoice Date: 2026-09-13
Due Date: 2026-10-09

Vendor: BlueWave Trading
Bill To: Bright Future Ltd

Description: Office Chair
Quantity: 4
Unit Price: USD 262.62
Line Total: USD 1050.46

Subtotal: USD 1050.46
Tax: USD 105.05
Grand Total: USD 1155.51

Payment Terms: Net 30
Thank you for your business.",INVOICE
"QUOTATION

Quote Number: QT-2008
Quotation Date: 2026-09-20
Valid Until: 2026-10-25

Prepared By: City Computer Store
Customer: Global Retail Group

Item Description: Wireless Keyboard
Quantity: 4
Unit Price: USD 273.67
Amount: USD 1094.67

Subtotal: USD 1094.67
Estimated Tax: USD 109.47
Quoted Total: USD 1204.13

This quotation is valid for 30 days.
Prices are subject to the stated terms.",QUOTATION
"QUOTATION

Quote Number: QT-2102
Quotation Date: 2026-09-22
Valid Until: 2026-10-05

Prepared By: Sunrise Stationery
Customer: Bright Future Ltd

Item Description: Printer Paper
Quantity: 6
Unit Price: USD 68.31
Amount: USD 409.84

Subtotal: USD 409.84
Estimated Tax: USD 40.98
Quoted Total: USD 450.82

This quotation is valid for 30 days.
Prices are subject to the stated terms.",QUOTATION
"INVOICE

Invoice Number: INV-1064
Invoice Date: 2026-09-11
Due Date: 2026-10-13

Vendor: Alpha Business Services
Bill To: ABC Holdings

Description: USB Cable
Quantity: 5
Unit Price: USD 206.73
Line Total: USD 1033.65

Subtotal: USD 1033.65
Tax: USD 103.37
Grand Total: USD 1137.02

Payment Terms: Net 30
Thank you for your business.",INVOICE
"INVOICE

Invoice Number: INV-1027
Invoice Date: 2026-09-21
Due Date: 2026-10-02

Vendor: BlueWave Trading
Bill To: Ocean View Enterprises

Description: Laptop Stand
Quantity: 1
Unit Price: USD 39.88
Line Total: USD 39.88

Subtotal: USD 39.88
Tax: USD 3.99
Grand Total: USD 43.87

Payment Terms: Net 30
Thank you for your business.",INVOICE
"SALES RECEIPT

Receipt No: RCP-3065
Date: 2026-09-19

Merchant: Prime Distribution

Consulting Service
Qty: 1
Price: USD 63.08
Amount: USD 63.08

Subtotal: USD 63.08
Tax: USD 5.05
Total Paid: USD 68.13

Payment Method: Card
Payment Status: PAID

Thank you for your purchase.",RECEIPT
"INVOICE

Invoice Number: INV-1019
Invoice Date: 2026-09-10
Due Date: 2026-10-27

Vendor: Sunrise Stationery
Bill To: Ocean View Enterprises

Description: Printer Paper
Quantity: 2
Unit Price: USD 263.75
Line Total: USD 527.49

Subtotal: USD 527.49
Tax: USD 52.75
Grand Total: USD 580.24

Payment Terms: Net 30
Thank you for your business.",INVOICE
"QUOTATION

Quote Number: QT-2012
Quotation Date: 2026-09-05
Valid Until: 2026-10-16

Prepared By: BlueWave Trading
Customer: ABC Holdings

Item Description: Printer Cartridge
Quantity: 2
Unit Price: USD 334.42
Amount: USD 668.85

Subtotal: USD 668.85
Estimated Tax: USD 66.88
Quoted Total: USD 735.73

This quotation is valid for 30 days.
Prices are subject to the stated terms.",QUOTATION
"SALES RECEIPT

Receipt No: RCP-3047
Date: 2026-09-03

Merchant: Sunrise Stationery

Printer Paper
Qty: 3
Price: USD 94.09
Amount: USD 282.28

Subtotal: USD 282.28
Tax: USD 22.58
Total Paid: USD 304.86

Payment Method: Card
Payment Status: PAID

Thank you for your purchase.",RECEIPT
"SALES RECEIPT

Receipt No: RCP-3107
Date: 2026-09-13

Merchant: Prime Distribution

Network Installation
Qty: 5
Price: USD 52.55
Amount: USD 262.75

Subtotal: USD 262.75
Tax: USD 21.02
Total Paid: USD 283.77

Payment Method: Card
Payment Status: PAID

Thank you for your purchase.",RECEIPT
"SALES RECEIPT

Receipt No: RCP-3103
Date: 2026-09-07

Merchant: City Computer Store

Printer Paper
Qty: 5
Price: USD 72.86
Amount: USD 364.32

Subtotal: USD 364.32
Tax: USD 29.15
Total Paid: USD 393.46

Payment Method: Card
Payment Status: PAID

Thank you for your purchase.",RECEIPT
"QUOTATION

Quote Number: QT-2004
Quotation Date: 2026-09-16
Valid Until: 2026-10-12

Prepared By: Sunrise Stationery
Customer: Northstar Consulting

Item Description: Network Installation
Quantity: 8
Unit Price: USD 485.46
Amount: USD 3883.65

Subtotal: USD 3883.65
Estimated Tax: USD 388.36
Quoted Total: USD 4272.01

This quotation is valid for 30 days.
Prices are subject to the stated terms.",QUOTATION
"SALES RECEIPT

Receipt No: RCP-3042
Date: 2026-09-12

Merchant: GreenTech Solutions

Printer Cartridge
Qty: 4
Price: USD 103.62
Amount: USD 414.46

Subtotal: USD 414.46
Tax: USD 33.16
Total Paid: USD 447.62

Payment Method: Card
Payment Status: PAID

Thank you for your purchase.",RECEIPT
"QUOTATION

Quote Number: QT-2039
Quotation Date: 2026-09-09
Valid Until: 2026-10-27

Prepared By: BlueWave Trading
Customer: Northstar Consulting

Item Description: Consulting Service
Quantity: 9
Unit Price: USD 265.84
Amount: USD 2392.59

Subtotal: USD 2392.59
Estimated Tax: USD 239.26
Quoted Total: USD 2631.85

This quotation is valid for 30 days.
Prices are subject to the stated terms.",QUOTATION
"INVOICE

Invoice Number: INV-1000
Invoice Date: 2026-09-24
Due Date: 2026-10-04

Vendor: GreenTech Solutions
Bill To: ABC Holdings

Description: USB Cable
Quantity: 4
Unit Price: USD 82.50
Line Total: USD 330.00

Subtotal: USD 330.00
Tax: USD 33.00
Grand Total: USD 363.00

Payment Terms: Net 30
Thank you for your business.",INVOICE
"QUOTATION

Quote Number: QT-2029
Quotation Date: 2026-09-05
Valid Until: 2026-10-08

Prepared By: Prime Distribution
Customer: Ocean View Enterprises

Item Description: Laptop Stand
Quantity: 8
Unit Price: USD 459.03
Amount: USD 3672.24

Subtotal: USD 3672.24
Estimated Tax: USD 367.22
Quoted Total: USD 4039.46

This quotation is valid for 30 days.
Prices are subject to the stated terms.",QUOTATION
"INVOICE

Invoice Number: INV-1006
Invoice Date: 2026-09-02
Due Date: 2026-10-22

Vendor: Sunrise Stationery
Bill To: Ocean View Enterprises

Description: Consulting Service
Quantity: 4
Unit Price: USD 217.28
Line Total: USD 869.12

Subtotal: USD 869.12
Tax: USD 86.91
Grand Total: USD 956.03

Payment Terms: Net 30
Thank you for your business.",INVOICE
"QUOTATION

Quote Number: QT-2069
Quotation Date: 2026-09-24
Valid Until: 2026-10-02

Prepared By: GreenTech Solutions
Customer: Global Retail Group

Item Description: Consulting Service
Quantity: 7
Unit Price: USD 438.00
Amount: USD 3066.02

Subtotal: USD 3066.02
Estimated Tax: USD 306.60
Quoted Total: USD 3372.63

This quotation is valid for 30 days.
Prices are subject to the stated terms.",QUOTATION
"SALES RECEIPT

Receipt No: RCP-3003
Date: 2026-09-16

Merchant: City Computer Store

Office Chair
Qty: 1
Price: USD 126.32
Amount: USD 126.32

Subtotal: USD 126.32
Tax: USD 10.11
Total Paid: USD 136.43

Payment Method: Card
Payment Status: PAID

Thank you for your purchase.",RECEIPT
"QUOTATION

Quote Number: QT-2041
Quotation Date: 2026-09-08
Valid Until: 2026-10-28

Prepared By: GreenTech Solutions
Customer: Global Retail Group

Item Description: Office Chair
Quantity: 3
Unit Price: USD 384.45
Amount: USD 1153.35

Subtotal: USD 1153.35
Estimated Tax: USD 115.34
Quoted Total: USD 1268.69

This quotation is valid for 30 days.
Prices are subject to the stated terms.",QUOTATION
"INVOICE

Invoice Number: INV-1009
Invoice Date: 2026-09-13
Due Date: 2026-10-09

Vendor: GreenTech Solutions
Bill To: Ocean View Enterprises

Description: Printer Paper
Quantity: 4
Unit Price: USD 65.75
Line Total: USD 263.01

Subtotal: USD 263.01
Tax: USD 26.30
Grand Total: USD 289.31

Payment Terms: Net 30
Thank you for your business.",INVOICE
"INVOICE

Invoice Number: INV-1108
Invoice Date: 2026-09-25
Due Date: 2026-10-16

Vendor: Nova Office Supplies
Bill To: ABC Holdings

Description: USB Cable
Quantity: 3
Unit Price: USD 198.60
Line Total: USD 595.81

Subtotal: USD 595.81
Tax: USD 59.58
Grand Total: USD 655.39

Payment Terms: Net 30
Thank you for your business.",INVOICE
"INVOICE

Invoice Number: INV-1107
Invoice Date: 2026-09-05
Due Date: 2026-10-09

Vendor: Alpha Business Services
Bill To: Northstar Consulting

Description: USB Cable
Quantity: 1
Unit Price: USD 218.25
Line Total: USD 218.25

Subtotal: USD 218.25
Tax: USD 21.82
Grand Total: USD 240.07

Payment Terms: Net 30
Thank you for your business.",INVOICE
"QUOTATION

Quote Number: QT-2031
Quotation Date: 2026-09-12
Valid Until: 2026-10-19

Prepared By: Sunrise Stationery
Customer: Ocean View Enterprises

Item Description: Printer Paper
Quantity: 2
Unit Price: USD 237.61
Amount: USD 475.23

Subtotal: USD 475.23
Estimated Tax: USD 47.52
Quoted Total: USD 522.75

This quotation is valid for 30 days.
Prices are subject to the stated terms.",QUOTATION
"SALES RECEIPT

Receipt No: RCP-3112
Date: 2026-09-22

Merchant: GreenTech Solutions

Printer Cartridge
Qty: 3
Price: USD 28.16
Amount: USD 84.48

Subtotal: USD 84.48
Tax: USD 6.76
Total Paid: USD 91.23

Payment Method: Card
Payment Status: PAID

Thank you for your purchase.",RECEIPT
"INVOICE

Invoice Number: INV-1015
Invoice Date: 2026-09-06
Due Date: 2026-10-26

Vendor: City Computer Store
Bill To: ABC Holdings

Description: Wireless Keyboard
Quantity: 2
Unit Price: USD 62.80
Line Total: USD 125.59

Subtotal: USD 125.59
Tax: USD 12.56
Grand Total: USD 138.15

Payment Terms: Net 30
Thank you for your business.",INVOICE
"QUOTATION

Quote Number: QT-2119
Quotation Date: 2026-09-03
Valid Until: 2026-10-01

Prepared By: Metro Electronics
Customer: Global Retail Group

Item Description: Printer Cartridge
Quantity: 10
Unit Price: USD 32.47
Amount: USD 324.68

Subtotal: USD 324.68
Estimated Tax: USD 32.47
Quoted Total: USD 357.15

This quotation is valid for 30 days.
Prices are subject to the stated terms.",QUOTATION
"QUOTATION

Quote Number: QT-2101
Quotation Date: 2026-09-22
Valid Until: 2026-10-13

Prepared By: Nova Office Supplies
Customer: Bright Future Ltd

Item Description: Office Chair
Quantity: 6
Unit Price: USD 74.42
Amount: USD 446.51

Subtotal: USD 446.51
Estimated Tax: USD 44.65
Quoted Total: USD 491.16

This quotation is valid for 30 days.
Prices are subject to the stated terms.",QUOTATION
"SALES RECEIPT

Receipt No: RCP-3089
Date: 2026-09-23

Merchant: Metro Electronics

USB Cable
Qty: 1
Price: USD 46.71
Amount: USD 46.71

Subtotal: USD 46.71
Tax: USD 3.74
Total Paid: USD 50.44

Payment Method: Card
Payment Status: PAID

Thank you for your purchase.",RECEIPT
"QUOTATION

Quote Number: QT-2013
Quotation Date: 2026-09-16
Valid Until: 2026-10-08

Prepared By: Sunrise Stationery
Customer: Ocean View Enterprises

Item Description: USB Cable
Quantity: 7
Unit Price: USD 422.32
Amount: USD 2956.24

Subtotal: USD 2956.24
Estimated Tax: USD 295.62
Quoted Total: USD 3251.87

This quotation is valid for 30 days.
Prices are subject to the stated terms.",QUOTATION
"INVOICE

Invoice Number: INV-1090
Invoice Date: 2026-09-10
Due Date: 2026-10-19

Vendor: GreenTech Solutions
Bill To: Northstar Consulting

Description: USB Cable
Quantity: 2
Unit Price: USD 182.03
Line Total: USD 364.06

Subtotal: USD 364.06
Tax: USD 36.41
Grand Total: USD 400.47

Payment Terms: Net 30
Thank you for your business.",INVOICE
"INVOICE

Invoice Number: INV-1043
Invoice Date: 2026-09-19
Due Date: 2026-10-04

Vendor: Alpha Business Services
Bill To: ABC Holdings

Description: Wireless Keyboard
Quantity: 8
Unit Price: USD 193.92
Line Total: USD 1551.40

Subtotal: USD 1551.40
Tax: USD 155.14
Grand Total: USD 1706.54

Payment Terms: Net 30
Thank you for your business.",INVOICE
"SALES RECEIPT

Receipt No: RCP-3057
Date: 2026-09-10

Merchant: City Computer Store

Laptop Stand
Qty: 2
Price: USD 19.04
Amount: USD 38.08

Subtotal: USD 38.08
Tax: USD 3.05
Total Paid: USD 41.12

Payment Method: Card
Payment Status: PAID

Thank you for your purchase.",RECEIPT
"QUOTATION

Quote Number: QT-2077
Quotation Date: 2026-09-25
Valid Until: 2026-10-20

Prepared By: Alpha Business Services
Customer: Ocean View Enterprises

Item Description: Office Chair
Quantity: 1
Unit Price: USD 103.12
Amount: USD 103.12

Subtotal: USD 103.12
Estimated Tax: USD 10.31
Quoted Total: USD 113.43

This quotation is valid for 30 days.
Prices are subject to the stated terms.",QUOTATION
"SALES RECEIPT

Receipt No: RCP-3039
Date: 2026-09-03

Merchant: City Computer Store

Printer Paper
Qty: 5
Price: USD 133.22
Amount: USD 666.08

Subtotal: USD 666.08
Tax: USD 53.29
Total Paid: USD 719.36

Payment Method: Card
Payment Status: PAID

Thank you for your purchase.",RECEIPT
"QUOTATION

Quote Number: QT-2114
Quotation Date: 2026-09-17
Valid Until: 2026-10-05

Prepared By: GreenTech Solutions
Customer: Bright Future Ltd

Item Description: Office Chair
Quantity: 3
Unit Price: USD 158.21
Amount: USD 474.64

Subtotal: USD 474.64
Estimated Tax: USD 47.46
Quoted Total: USD 522.10

This quotation is valid for 30 days.
Prices are subject to the stated terms.",QUOTATION
"INVOICE

Invoice Number: INV-1086
Invoice Date: 2026-09-18
Due Date: 2026-10-02

Vendor: Prime Distribution
Bill To: Bright Future Ltd

Description: Office Chair
Quantity: 8
Unit Price: USD 25.43
Line Total: USD 203.42

Subtotal: USD 203.42
Tax: USD 20.34
Grand Total: USD 223.76

Payment Terms: Net 30
Thank you for your business.",INVOICE
"SALES RECEIPT

Receipt No: RCP-3011
Date: 2026-09-26

Merchant: Metro Electronics

Printer Cartridge
Qty: 4
Price: USD 96.60
Amount: USD 386.41

Subtotal: USD 386.41
Tax: USD 30.91
Total Paid: USD 417.32

Payment Method: Card
Payment Status: PAID

Thank you for your purchase.",RECEIPT
"QUOTATION

Quote Number: QT-2062
Quotation Date: 2026-09-19
Valid Until: 2026-10-18

Prepared By: Metro Electronics
Customer: ABC Holdings

Item Description: Printer Paper
Quantity: 5
Unit Price: USD 323.43
Amount: USD 1617.15

Subtotal: USD 1617.15
Estimated Tax: USD 161.71
Quoted Total: USD 1778.86

This quotation is valid for 30 days.
Prices are subject to the stated terms.",QUOTATION
"QUOTATION

Quote Number: QT-2053
Quotation Date: 2026-09-27
Valid Until: 2026-10-25

Prepared By: Alpha Business Services
Customer: Northstar Consulting

Item Description: Printer Paper
Quantity: 10
Unit Price: USD 126.45
Amount: USD 1264.47

Subtotal: USD 1264.47
Estimated Tax: USD 126.45
Quoted Total: USD 1390.91

This quotation is valid for 30 days.
Prices are subject to the stated terms.",QUOTATION
"INVOICE

Invoice Number: INV-1058
Invoice Date: 2026-09-13
Due Date: 2026-10-11

Vendor: Sunrise Stationery
Bill To: Northstar Consulting

Description: Laptop Stand
Quantity: 1
Unit Price: USD 204.81
Line Total: USD 204.81

Subtotal: USD 204.81
Tax: USD 20.48
Grand Total: USD 225.29

Payment Terms: Net 30
Thank you for your business.",INVOICE
"SALES RECEIPT

Receipt No: RCP-3082
Date: 2026-09-06

Merchant: Alpha Business Services

Printer Cartridge
Qty: 5
Price: USD 59.64
Amount: USD 298.20

Subtotal: USD 298.20
Tax: USD 23.86
Total Paid: USD 322.05

Payment Method: Card
Payment Status: PAID

Thank you for your purchase.",RECEIPT
"INVOICE

Invoice Number: INV-1050
Invoice Date: 2026-09-04
Due Date: 2026-10-03

Vendor: Sunrise Stationery
Bill To: Northstar Consulting

Description: Printer Cartridge
Quantity: 7
Unit Price: USD 177.05
Line Total: USD 1239.38

Subtotal: USD 1239.38
Tax: USD 123.94
Grand Total: USD 1363.32

Payment Terms: Net 30
Thank you for your business.",INVOICE
"INVOICE

Invoice Number: INV-1039
Invoice Date: 2026-09-03
Due Date: 2026-10-22

Vendor: Metro Electronics
Bill To: ABC Holdings

Description: Office Chair
Quantity: 3
Unit Price: USD 39.19
Line Total: USD 117.56

Subtotal: USD 117.56
Tax: USD 11.76
Grand Total: USD 129.31

Payment Terms: Net 30
Thank you for your business.",INVOICE
"INVOICE

Invoice Number: INV-1075
Invoice Date: 2026-09-09
Due Date: 2026-10-25

Vendor: City Computer Store
Bill To: Global Retail Group

Description: USB Cable
Quantity: 4
Unit Price: USD 255.16
Line Total: USD 1020.65

Subtotal: USD 1020.65
Tax: USD 102.06
Grand Total: USD 1122.71

Payment Terms: Net 30
Thank you for your business.",INVOICE
"QUOTATION

Quote Number: QT-2103
Quotation Date: 2026-09-03
Valid Until: 2026-10-10

Prepared By: Alpha Business Services
Customer: Bright Future Ltd

Item Description: Network Installation
Quantity: 3
Unit Price: USD 309.67
Amount: USD 929.01

Subtotal: USD 929.01
Estimated Tax: USD 92.90
Quoted Total: USD 1021.91

This quotation is valid for 30 days.
Prices are subject to the stated terms.",QUOTATION
"SALES RECEIPT

Receipt No: RCP-3068
Date: 2026-09-11

Merchant: Metro Electronics

Office Chair
Qty: 4
Price: USD 59.11
Amount: USD 236.46

Subtotal: USD 236.46
Tax: USD 18.92
Total Paid: USD 255.37

Payment Method: Card
Payment Status: PAID

Thank you for your purchase.",RECEIPT
"SALES RECEIPT

Receipt No: RCP-3093
Date: 2026-09-17

Merchant: BlueWave Trading

Laptop Stand
Qty: 1
Price: USD 102.13
Amount: USD 102.13

Subtotal: USD 102.13
Tax: USD 8.17
Total Paid: USD 110.30

Payment Method: Card
Payment Status: PAID

Thank you for your purchase.",RECEIPT
"QUOTATION

Quote Number: QT-2047
Quotation Date: 2026-09-24
Valid Until: 2026-10-23

Prepared By: Metro Electronics
Customer: Global Retail Group

Item Description: Printer Cartridge
Quantity: 6
Unit Price: USD 345.13
Amount: USD 2070.77

Subtotal: USD 2070.77
Estimated Tax: USD 207.08
Quoted Total: USD 2277.85

This quotation is valid for 30 days.
Prices are subject to the stated terms.",QUOTATION
"INVOICE

Invoice Number: INV-1004
Invoice Date: 2026-09-28
Due Date: 2026-10-12

Vendor: Alpha Business Services
Bill To: ABC Holdings

Description: Office Chair
Quantity: 7
Unit Price: USD 47.08
Line Total: USD 329.56

Subtotal: USD 329.56
Tax: USD 32.96
Grand Total: USD 362.52

Payment Terms: Net 30
Thank you for your business.",INVOICE
"SALES RECEIPT

Receipt No: RCP-3096
Date: 2026-09-07

Merchant: Metro Electronics

Network Installation
Qty: 4
Price: USD 74.23
Amount: USD 296.92

Subtotal: USD 296.92
Tax: USD 23.75
Total Paid: USD 320.67

Payment Method: Card
Payment Status: PAID

Thank you for your purchase.",RECEIPT
"INVOICE

Invoice Number: INV-1056
Invoice Date: 2026-09-04
Due Date: 2026-10-13

Vendor: Prime Distribution
Bill To: Northstar Consulting

Description: USB Cable
Quantity: 3
Unit Price: USD 240.46
Line Total: USD 721.39

Subtotal: USD 721.39
Tax: USD 72.14
Grand Total: USD 793.53

Payment Terms: Net 30
Thank you for your business.",INVOICE
"QUOTATION

Quote Number: QT-2024
Quotation Date: 2026-09-21
Valid Until: 2026-10-22

Prepared By: City Computer Store
Customer: Ocean View Enterprises

Item Description: Wireless Keyboard
Quantity: 10
Unit Price: USD 62.16
Amount: USD 621.58

Subtotal: USD 621.58
Estimated Tax: USD 62.16
Quoted Total: USD 683.74

This quotation is valid for 30 days.
Prices are subject to the stated terms.",QUOTATION
"SALES RECEIPT

Receipt No: RCP-3064
Date: 2026-09-25

Merchant: Prime Distribution

Printer Paper
Qty: 3
Price: USD 110.49
Amount: USD 331.47

Subtotal: USD 331.47
Tax: USD 26.52
Total Paid: USD 357.98

Payment Method: Card
Payment Status: PAID

Thank you for your purchase.",RECEIPT
"SALES RECEIPT

Receipt No: RCP-3075
Date: 2026-09-26

Merchant: Alpha Business Services

Office Chair
Qty: 4
Price: USD 89.64
Amount: USD 358.55

Subtotal: USD 358.55
Tax: USD 28.68
Total Paid: USD 387.23

Payment Method: Card
Payment Status: PAID

Thank you for your purchase.",RECEIPT
"INVOICE

Invoice Number: INV-1080
Invoice Date: 2026-09-12
Due Date: 2026-10-10

Vendor: Nova Office Supplies
Bill To: Ocean View Enterprises

Description: Network Installation
Quantity: 8
Unit Price: USD 21.65
Line Total: USD 173.21

Subtotal: USD 173.21
Tax: USD 17.32
Grand Total: USD 190.53

Payment Terms: Net 30
Thank you for your business.",INVOICE
"SALES RECEIPT

Receipt No: RCP-3111
Date: 2026-09-02

Merchant: Nova Office Supplies

USB Cable
Qty: 3
Price: USD 105.45
Amount: USD 316.35

Subtotal: USD 316.35
Tax: USD 25.31
Total Paid: USD 341.66

Payment Method: Card
Payment Status: PAID

Thank you for your purchase.",RECEIPT
"QUOTATION

Quote Number: QT-2059
Quotation Date: 2026-09-26
Valid Until: 2026-10-28

Prepared By: GreenTech Solutions
Customer: Global Retail Group

Item Description: Laptop Stand
Quantity: 10
Unit Price: USD 50.38
Amount: USD 503.82

Subtotal: USD 503.82
Estimated Tax: USD 50.38
Quoted Total: USD 554.20

This quotation is valid for 30 days.
Prices are subject to the stated terms.",QUOTATION
"SALES RECEIPT

Receipt No: RCP-3006
Date: 2026-09-18

Merchant: GreenTech Solutions

Consulting Service
Qty: 1
Price: USD 143.24
Amount: USD 143.24

Subtotal: USD 143.24
Tax: USD 11.46
Total Paid: USD 154.70

Payment Method: Card
Payment Status: PAID

Thank you for your purchase.",RECEIPT
"QUOTATION

Quote Number: QT-2000
Quotation Date: 2026-09-23
Valid Until: 2026-10-13

Prepared By: Sunrise Stationery
Customer: Global Retail Group

Item Description: Office Chair
Quantity: 8
Unit Price: USD 353.68
Amount: USD 2829.43

Subtotal: USD 2829.43
Estimated Tax: USD 282.94
Quoted Total: USD 3112.37

This quotation is valid for 30 days.
Prices are subject to the stated terms.",QUOTATION
"INVOICE

Invoice Number: INV-1025
Invoice Date: 2026-09-17
Due Date: 2026-10-15

Vendor: BlueWave Trading
Bill To: Bright Future Ltd

Description: Network Installation
Quantity: 6
Unit Price: USD 142.67
Line Total: USD 856.01

Subtotal: USD 856.01
Tax: USD 85.60
Grand Total: USD 941.61

Payment Terms: Net 30
Thank you for your business.",INVOICE
"QUOTATION

Quote Number: QT-2083
Quotation Date: 2026-09-08
Valid Until: 2026-10-17

Prepared By: Prime Distribution
Customer: Northstar Consulting

Item Description: Printer Paper
Quantity: 7
Unit Price: USD 280.31
Amount: USD 1962.20

Subtotal: USD 1962.20
Estimated Tax: USD 196.22
Quoted Total: USD 2158.42

This quotation is valid for 30 days.
Prices are subject to the stated terms.",QUOTATION
"QUOTATION

Quote Number: QT-2007
Quotation Date: 2026-09-27
Valid Until: 2026-10-01

Prepared By: Sunrise Stationery
Customer: Bright Future Ltd

Item Description: Office Chair
Quantity: 7
Unit Price: USD 436.51
Amount: USD 3055.56

Subtotal: USD 3055.56
Estimated Tax: USD 305.56
Quoted Total: USD 3361.11

This quotation is valid for 30 days.
Prices are subject to the stated terms.",QUOTATION
"QUOTATION

Quote Number: QT-2011
Quotation Date: 2026-09-14
Valid Until: 2026-10-03

Prepared By: BlueWave Trading
Customer: Northstar Consulting

Item Description: USB Cable
Quantity: 9
Unit Price: USD 36.43
Amount: USD 327.84

Subtotal: USD 327.84
Estimated Tax: USD 32.78
Quoted Total: USD 360.63

This quotation is valid for 30 days.
Prices are subject to the stated terms.",QUOTATION
"SALES RECEIPT

Receipt No: RCP-3084
Date: 2026-09-09

Merchant: Sunrise Stationery

Printer Cartridge
Qty: 2
Price: USD 143.81
Amount: USD 287.63

Subtotal: USD 287.63
Tax: USD 23.01
Total Paid: USD 310.64

Payment Method: Card
Payment Status: PAID

Thank you for your purchase.",RECEIPT
"INVOICE

Invoice Number: INV-1066
Invoice Date: 2026-09-01
Due Date: 2026-10-10

Vendor: Metro Electronics
Bill To: Ocean View Enterprises

Description: USB Cable
Quantity: 7
Unit Price: USD 173.42
Line Total: USD 1213.96

Subtotal: USD 1213.96
Tax: USD 121.40
Grand Total: USD 1335.35

Payment Terms: Net 30
Thank you for your business.",INVOICE
"INVOICE

Invoice Number: INV-1078
Invoice Date: 2026-09-18
Due Date: 2026-10-15

Vendor: Metro Electronics
Bill To: Northstar Consulting

Description: Office Chair
Quantity: 7
Unit Price: USD 134.13
Line Total: USD 938.89

Subtotal: USD 938.89
Tax: USD 93.89
Grand Total: USD 1032.78

Payment Terms: Net 30
Thank you for your business.",INVOICE
"SALES RECEIPT

Receipt No: RCP-3071
Date: 2026-09-17

Merchant: City Computer Store

Printer Cartridge
Qty: 2
Price: USD 92.91
Amount: USD 185.82

Subtotal: USD 185.82
Tax: USD 14.87
Total Paid: USD 200.68

Payment Method: Card
Payment Status: PAID

Thank you for your purchase.",RECEIPT
"QUOTATION

Quote Number: QT-2046
Quotation Date: 2026-09-08
Valid Until: 2026-10-18

Prepared By: Nova Office Supplies
Customer: ABC Holdings

Item Description: USB Cable
Quantity: 8
Unit Price: USD 84.58
Amount: USD 676.61

Subtotal: USD 676.61
Estimated Tax: USD 67.66
Quoted Total: USD 744.27

This quotation is valid for 30 days.
Prices are subject to the stated terms.",QUOTATION
"QUOTATION

Quote Number: QT-2016
Quotation Date: 2026-09-19
Valid Until: 2026-10-22

Prepared By: Sunrise Stationery
Customer: ABC Holdings

Item Description: USB Cable
Quantity: 5
Unit Price: USD 423.61
Amount: USD 2118.07

Subtotal: USD 2118.07
Estimated Tax: USD 211.81
Quoted Total: USD 2329.88

This quotation is valid for 30 days.
Prices are subject to the stated terms.",QUOTATION
"SALES RECEIPT

Receipt No: RCP-3029
Date: 2026-09-11

Merchant: GreenTech Solutions

Printer Paper
Qty: 5
Price: USD 58.21
Amount: USD 291.04

Subtotal: USD 291.04
Tax: USD 23.28
Total Paid: USD 314.32

Payment Method: Card
Payment Status: PAID

Thank you for your purchase.",RECEIPT
"SALES RECEIPT

Receipt No: RCP-3009
Date: 2026-09-24

Merchant: Alpha Business Services

Laptop Stand
Qty: 1
Price: USD 116.87
Amount: USD 116.87

Subtotal: USD 116.87
Tax: USD 9.35
Total Paid: USD 126.22

Payment Method: Card
Payment Status: PAID

Thank you for your purchase.",RECEIPT
"INVOICE

Invoice Number: INV-1072
Invoice Date: 2026-09-23
Due Date: 2026-10-17

Vendor: Nova Office Supplies
Bill To: ABC Holdings

Description: Network Installation
Quantity: 4
Unit Price: USD 69.25
Line Total: USD 276.99

Subtotal: USD 276.99
Tax: USD 27.70
Grand Total: USD 304.69

Payment Terms: Net 30
Thank you for your business.",INVOICE
"INVOICE

Invoice Number: INV-1082
Invoice Date: 2026-09-27
Due Date: 2026-10-15

Vendor: Nova Office Supplies
Bill To: Global Retail Group

Description: Consulting Service
Quantity: 7
Unit Price: USD 222.77
Line Total: USD 1559.40

Subtotal: USD 1559.40
Tax: USD 155.94
Grand Total: USD 1715.34

Payment Terms: Net 30
Thank you for your business.",INVOICE
"SALES RECEIPT

Receipt No: RCP-3052
Date: 2026-09-03

Merchant: City Computer Store

Laptop Stand
Qty: 4
Price: USD 48.13
Amount: USD 192.51

Subtotal: USD 192.51
Tax: USD 15.40
Total Paid: USD 207.91

Payment Method: Card
Payment Status: PAID

Thank you for your purchase.",RECEIPT
"SALES RECEIPT

Receipt No: RCP-3055
Date: 2026-09-12

Merchant: Alpha Business Services

Consulting Service
Qty: 4
Price: USD 23.96
Amount: USD 95.84

Subtotal: USD 95.84
Tax: USD 7.67
Total Paid: USD 103.51

Payment Method: Card
Payment Status: PAID

Thank you for your purchase.",RECEIPT
"INVOICE

Invoice Number: INV-1101
Invoice Date: 2026-09-16
Due Date: 2026-10-15

Vendor: City Computer Store
Bill To: Ocean View Enterprises

Description: Laptop Stand
Quantity: 8
Unit Price: USD 200.85
Line Total: USD 1606.82

Subtotal: USD 1606.82
Tax: USD 160.68
Grand Total: USD 1767.50

Payment Terms: Net 30
Thank you for your business.",INVOICE
"SALES RECEIPT

Receipt No: RCP-3094
Date: 2026-09-11

Merchant: BlueWave Trading

Laptop Stand
Qty: 1
Price: USD 19.53
Amount: USD 19.53

Subtotal: USD 19.53
Tax: USD 1.56
Total Paid: USD 21.09

Payment Method: Card
Payment Status: PAID

Thank you for your purchase.",RECEIPT
"SALES RECEIPT

Receipt No: RCP-3014
Date: 2026-09-21

Merchant: Prime Distribution

Printer Cartridge
Qty: 3
Price: USD 10.31
Amount: USD 30.93

Subtotal: USD 30.93
Tax: USD 2.47
Total Paid: USD 33.40

Payment Method: Card
Payment Status: PAID

Thank you for your purchase.",RECEIPT
"SALES RECEIPT

Receipt No: RCP-3005
Date: 2026-09-22

Merchant: Alpha Business Services

Laptop Stand
Qty: 5
Price: USD 65.40
Amount: USD 327.01

Subtotal: USD 327.01
Tax: USD 26.16
Total Paid: USD 353.17

Payment Method: Card
Payment Status: PAID

Thank you for your purchase.",RECEIPT
"SALES RECEIPT

Receipt No: RCP-3031
Date: 2026-09-25

Merchant: City Computer Store

Network Installation
Qty: 5
Price: USD 22.08
Amount: USD 110.38

Subtotal: USD 110.38
Tax: USD 8.83
Total Paid: USD 119.21

Payment Method: Card
Payment Status: PAID

Thank you for your purchase.",RECEIPT
"SALES RECEIPT

Receipt No: RCP-3081
Date: 2026-09-18

Merchant: City Computer Store

Wireless Keyboard
Qty: 2
Price: USD 80.21
Amount: USD 160.42

Subtotal: USD 160.42
Tax: USD 12.83
Total Paid: USD 173.25

Payment Method: Card
Payment Status: PAID

Thank you for your purchase.",RECEIPT
"SALES RECEIPT

Receipt No: RCP-3090
Date: 2026-09-24

Merchant: GreenTech Solutions

Consulting Service
Qty: 4
Price: USD 100.12
Amount: USD 400.46

Subtotal: USD 400.46
Tax: USD 32.04
Total Paid: USD 432.50

Payment Method: Card
Payment Status: PAID

Thank you for your purchase.",RECEIPT
"QUOTATION

Quote Number: QT-2078
Quotation Date: 2026-09-16
Valid Until: 2026-10-20

Prepared By: Nova Office Supplies
Customer: ABC Holdings

Item Description: USB Cable
Quantity: 8
Unit Price: USD 341.11
Amount: USD 2728.89

Subtotal: USD 2728.89
Estimated Tax: USD 272.89
Quoted Total: USD 3001.78

This quotation is valid for 30 days.
Prices are subject to the stated terms.",QUOTATION
"INVOICE

Invoice Number: INV-1054
Invoice Date: 2026-09-26
Due Date: 2026-10-26

Vendor: Prime Distribution
Bill To: Ocean View Enterprises

Description: Printer Paper
Quantity: 4
Unit Price: USD 262.09
Line Total: USD 1048.36

Subtotal: USD 1048.36
Tax: USD 104.84
Grand Total: USD 1153.19

Payment Terms: Net 30
Thank you for your business.",INVOICE
"INVOICE

Invoice Number: INV-1003
Invoice Date: 2026-09-07
Due Date: 2026-10-25

Vendor: Nova Office Supplies
Bill To: Northstar Consulting

Description: Network Installation
Quantity: 6
Unit Price: USD 97.80
Line Total: USD 586.82

Subtotal: USD 586.82
Tax: USD 58.68
Grand Total: USD 645.51

Payment Terms: Net 30
Thank you for your business.",INVOICE
"INVOICE

Invoice Number: INV-1077
Invoice Date: 2026-09-08
Due Date: 2026-10-13

Vendor: Sunrise Stationery
Bill To: Bright Future Ltd

Description: Consulting Service
Quantity: 2
Unit Price: USD 58.74
Line Total: USD 117.49

Subtotal: USD 117.49
Tax: USD 11.75
Grand Total: USD 129.24

Payment Terms: Net 30
Thank you for your business.",INVOICE
"INVOICE

Invoice Number: INV-1085
Invoice Date: 2026-09-13
Due Date: 2026-10-09

Vendor: Alpha Business Services
Bill To: Northstar Consulting

Description: Printer Cartridge
Quantity: 6
Unit Price: USD 114.50
Line Total: USD 687.00

Subtotal: USD 687.00
Tax: USD 68.70
Grand Total: USD 755.70

Payment Terms: Net 30
Thank you for your business.",INVOICE
"INVOICE

Invoice Number: INV-1053
Invoice Date: 2026-09-12
Due Date: 2026-10-25

Vendor: Nova Office Supplies
Bill To: Bright Future Ltd

Description: Laptop Stand
Quantity: 4
Unit Price: USD 206.74
Line Total: USD 826.97

Subtotal: USD 826.97
Tax: USD 82.70
Grand Total: USD 909.66

Payment Terms: Net 30
Thank you for your business.",INVOICE
"QUOTATION

Quote Number: QT-2002
Quotation Date: 2026-09-22
Valid Until: 2026-10-27

Prepared By: Alpha Business Services
Customer: Ocean View Enterprises

Item Description: USB Cable
Quantity: 1
Unit Price: USD 72.92
Amount: USD 72.92

Subtotal: USD 72.92
Estimated Tax: USD 7.29
Quoted Total: USD 80.22

This quotation is valid for 30 days.
Prices are subject to the stated terms.",QUOTATION
"INVOICE

Invoice Number: INV-1055
Invoice Date: 2026-09-11
Due Date: 2026-10-26

Vendor: Metro Electronics
Bill To: Global Retail Group

Description: Wireless Keyboard
Quantity: 3
Unit Price: USD 226.24
Line Total: USD 678.71

Subtotal: USD 678.71
Tax: USD 67.87
Grand Total: USD 746.59

Payment Terms: Net 30
Thank you for your business.",INVOICE
"QUOTATION

Quote Number: QT-2105
Quotation Date: 2026-09-07
Valid Until: 2026-10-11

Prepared By: Alpha Business Services
Customer: ABC Holdings

Item Description: Consulting Service
Quantity: 5
Unit Price: USD 114.72
Amount: USD 573.62

Subtotal: USD 573.62
Estimated Tax: USD 57.36
Quoted Total: USD 630.98

This quotation is valid for 30 days.
Prices are subject to the stated terms.",QUOTATION
"SALES RECEIPT

Receipt No: RCP-3118
Date: 2026-09-06

Merchant: Nova Office Supplies

Laptop Stand
Qty: 5
Price: USD 82.82
Amount: USD 414.08

Subtotal: USD 414.08
Tax: USD 33.13
Total Paid: USD 447.20

Payment Method: Card
Payment Status: PAID

Thank you for your purchase.",RECEIPT
"QUOTATION

Quote Number: QT-2088
Quotation Date: 2026-09-24
Valid Until: 2026-10-11

Prepared By: Prime Distribution
Customer: Ocean View Enterprises

Item Description: Office Chair
Quantity: 7
Unit Price: USD 439.15
Amount: USD 3074.03

Subtotal: USD 3074.03
Estimated Tax: USD 307.40
Quoted Total: USD 3381.43

This quotation is valid for 30 days.
Prices are subject to the stated terms.",QUOTATION
"QUOTATION

Quote Number: QT-2030
Quotation Date: 2026-09-26
Valid Until: 2026-10-15

Prepared By: City Computer Store
Customer: Bright Future Ltd

Item Description: Printer Cartridge
Quantity: 5
Unit Price: USD 343.42
Amount: USD 1717.08

Subtotal: USD 1717.08
Estimated Tax: USD 171.71
Quoted Total: USD 1888.78

This quotation is valid for 30 days.
Prices are subject to the stated terms.",QUOTATION
"SALES RECEIPT

Receipt No: RCP-3119
Date: 2026-09-23

Merchant: Alpha Business Services

Printer Cartridge
Qty: 1
Price: USD 103.64
Amount: USD 103.64

Subtotal: USD 103.64
Tax: USD 8.29
Total Paid: USD 111.93

Payment Method: Card
Payment Status: PAID

Thank you for your purchase.",RECEIPT
"QUOTATION

Quote Number: QT-2087
Quotation Date: 2026-09-08
Valid Until: 2026-10-14

Prepared By: City Computer Store
Customer: Bright Future Ltd

Item Description: Office Chair
Quantity: 7
Unit Price: USD 426.91
Amount: USD 2988.35

Subtotal: USD 2988.35
Estimated Tax: USD 298.84
Quoted Total: USD 3287.19

This quotation is valid for 30 days.
Prices are subject to the stated terms.",QUOTATION
"INVOICE

Invoice Number: INV-1018
Invoice Date: 2026-09-15
Due Date: 2026-10-01

Vendor: Sunrise Stationery
Bill To: Bright Future Ltd

Description: Office Chair
Quantity: 5
Unit Price: USD 141.73
Line Total: USD 708.67

Subtotal: USD 708.67
Tax: USD 70.87
Grand Total: USD 779.54

Payment Terms: Net 30
Thank you for your business.",INVOICE
"INVOICE

Invoice Number: INV-1010
Invoice Date: 2026-09-26
Due Date: 2026-10-11

Vendor: BlueWave Trading
Bill To: Bright Future Ltd

Description: Wireless Keyboard
Quantity: 4
Unit Price: USD 250.10
Line Total: USD 1000.42

Subtotal: USD 1000.42
Tax: USD 100.04
Grand Total: USD 1100.46

Payment Terms: Net 30
Thank you for your business.",INVOICE
"SALES RECEIPT

Receipt No: RCP-3101
Date: 2026-09-20

Merchant: Sunrise Stationery

Wireless Keyboard
Qty: 1
Price: USD 48.27
Amount: USD 48.27

Subtotal: USD 48.27
Tax: USD 3.86
Total Paid: USD 52.13

Payment Method: Card
Payment Status: PAID

Thank you for your purchase.",RECEIPT
"SALES RECEIPT

Receipt No: RCP-3025
Date: 2026-09-22

Merchant: Metro Electronics

Wireless Keyboard
Qty: 2
Price: USD 128.06
Amount: USD 256.11

Subtotal: USD 256.11
Tax: USD 20.49
Total Paid: USD 276.60

Payment Method: Card
Payment Status: PAID

Thank you for your purchase.",RECEIPT
"QUOTATION

Quote Number: QT-2052
Quotation Date: 2026-09-02
Valid Until: 2026-10-26

Prepared By: City Computer Store
Customer: ABC Holdings

Item Description: Laptop Stand
Quantity: 10
Unit Price: USD 486.41
Amount: USD 4864.14

Subtotal: USD 4864.14
Estimated Tax: USD 486.41
Quoted Total: USD 5350.55

This quotation is valid for 30 days.
Prices are subject to the stated terms.",QUOTATION
"SALES RECEIPT

Receipt No: RCP-3000
Date: 2026-09-24

Merchant: Sunrise Stationery

Laptop Stand
Qty: 2
Price: USD 84.58
Amount: USD 169.15

Subtotal: USD 169.15
Tax: USD 13.53
Total Paid: USD 182.69

Payment Method: Card
Payment Status: PAID

Thank you for your purchase.",RECEIPT
"SALES RECEIPT

Receipt No: RCP-3074
Date: 2026-09-12

Merchant: City Computer Store

USB Cable
Qty: 4
Price: USD 123.28
Amount: USD 493.13

Subtotal: USD 493.13
Tax: USD 39.45
Total Paid: USD 532.59

Payment Method: Card
Payment Status: PAID

Thank you for your purchase.",RECEIPT
"INVOICE

Invoice Number: INV-1013
Invoice Date: 2026-09-18
Due Date: 2026-10-09

Vendor: Metro Electronics
Bill To: Bright Future Ltd

Description: Printer Paper
Quantity: 4
Unit Price: USD 228.60
Line Total: USD 914.39

Subtotal: USD 914.39
Tax: USD 91.44
Grand Total: USD 1005.83

Payment Terms: Net 30
Thank you for your business.",INVOICE
"INVOICE

Invoice Number: INV-1048
Invoice Date: 2026-09-28
Due Date: 2026-10-02

Vendor: Alpha Business Services
Bill To: Northstar Consulting

Description: USB Cable
Quantity: 8
Unit Price: USD 90.31
Line Total: USD 722.51

Subtotal: USD 722.51
Tax: USD 72.25
Grand Total: USD 794.76

Payment Terms: Net 30
Thank you for your business.",INVOICE
"QUOTATION

Quote Number: QT-2065
Quotation Date: 2026-09-11
Valid Until: 2026-10-14

Prepared By: Alpha Business Services
Customer: Global Retail Group

Item Description: Network Installation
Quantity: 7
Unit Price: USD 372.92
Amount: USD 2610.43

Subtotal: USD 2610.43
Estimated Tax: USD 261.04
Quoted Total: USD 2871.47

This quotation is valid for 30 days.
Prices are subject to the stated terms.",QUOTATION
"SALES RECEIPT

Receipt No: RCP-3062
Date: 2026-09-27

Merchant: Nova Office Supplies

Wireless Keyboard
Qty: 3
Price: USD 76.76
Amount: USD 230.28

Subtotal: USD 230.28
Tax: USD 18.42
Total Paid: USD 248.70

Payment Method: Card
Payment Status: PAID

Thank you for your purchase.",RECEIPT
"SALES RECEIPT

Receipt No: RCP-3095
Date: 2026-09-18

Merchant: City Computer Store

Office Chair
Qty: 2
Price: USD 5.75
Amount: USD 11.50

Subtotal: USD 11.50
Tax: USD 0.92
Total Paid: USD 12.42

Payment Method: Card
Payment Status: PAID

Thank you for your purchase.",RECEIPT
"INVOICE

Invoice Number: INV-1094
Invoice Date: 2026-09-12
Due Date: 2026-10-21

Vendor: Nova Office Supplies
Bill To: Global Retail Group

Description: Printer Cartridge
Quantity: 2
Unit Price: USD 141.39
Line Total: USD 282.77

Subtotal: USD 282.77
Tax: USD 28.28
Grand Total: USD 311.05

Payment Terms: Net 30
Thank you for your business.",INVOICE
"INVOICE

Invoice Number: INV-1115
Invoice Date: 2026-09-18
Due Date: 2026-10-03

Vendor: BlueWave Trading
Bill To: Bright Future Ltd

Description: Office Chair
Quantity: 3
Unit Price: USD 87.16
Line Total: USD 261.49

Subtotal: USD 261.49
Tax: USD 26.15
Grand Total: USD 287.64

Payment Terms: Net 30
Thank you for your business.",INVOICE
"INVOICE

Invoice Number: INV-1020
Invoice Date: 2026-09-25
Due Date: 2026-10-17

Vendor: BlueWave Trading
Bill To: Northstar Consulting

Description: Consulting Service
Quantity: 3
Unit Price: USD 171.03
Line Total: USD 513.08

Subtotal: USD 513.08
Tax: USD 51.31
Grand Total: USD 564.39

Payment Terms: Net 30
Thank you for your business.",INVOICE
"QUOTATION

Quote Number: QT-2045
Quotation Date: 2026-09-04
Valid Until: 2026-10-05

Prepared By: BlueWave Trading
Customer: ABC Holdings

Item Description: Printer Cartridge
Quantity: 5
Unit Price: USD 335.14
Amount: USD 1675.71

Subtotal: USD 1675.71
Estimated Tax: USD 167.57
Quoted Total: USD 1843.28

This quotation is valid for 30 days.
Prices are subject to the stated terms.",QUOTATION
"INVOICE

Invoice Number: INV-1084
Invoice Date: 2026-09-09
Due Date: 2026-10-13

Vendor: GreenTech Solutions
Bill To: Global Retail Group

Description: Printer Paper
Quantity: 8
Unit Price: USD 70.88
Line Total: USD 567.07

Subtotal: USD 567.07
Tax: USD 56.71
Grand Total: USD 623.78

Payment Terms: Net 30
Thank you for your business.",INVOICE
"INVOICE

Invoice Number: INV-1052
Invoice Date: 2026-09-26
Due Date: 2026-10-28

Vendor: Metro Electronics
Bill To: ABC Holdings

Description: USB Cable
Quantity: 6
Unit Price: USD 271.71
Line Total: USD 1630.29

Subtotal: USD 1630.29
Tax: USD 163.03
Grand Total: USD 1793.32

Payment Terms: Net 30
Thank you for your business.",INVOICE
"SALES RECEIPT

Receipt No: RCP-3067
Date: 2026-09-04

Merchant: City Computer Store

USB Cable
Qty: 5
Price: USD 103.66
Amount: USD 518.29

Subtotal: USD 518.29
Tax: USD 41.46
Total Paid: USD 559.75

Payment Method: Card
Payment Status: PAID

Thank you for your purchase.",RECEIPT
"INVOICE

Invoice Number: INV-1062
Invoice Date: 2026-09-14
Due Date: 2026-10-01

Vendor: GreenTech Solutions
Bill To: Global Retail Group

Description: Laptop Stand
Quantity: 5
Unit Price: USD 32.43
Line Total: USD 162.14

Subtotal: USD 162.14
Tax: USD 16.21
Grand Total: USD 178.36

Payment Terms: Net 30
Thank you for your business.",INVOICE
"INVOICE

Invoice Number: INV-1099
Invoice Date: 2026-09-20
Due Date: 2026-10-23

Vendor: BlueWave Trading
Bill To: Bright Future Ltd

Description: USB Cable
Quantity: 6
Unit Price: USD 98.30
Line Total: USD 589.83

Subtotal: USD 589.83
Tax: USD 58.98
Grand Total: USD 648.81

Payment Terms: Net 30
Thank you for your business.",INVOICE
"SALES RECEIPT

Receipt No: RCP-3044
Date: 2026-09-06

Merchant: Nova Office Supplies

Office Chair
Qty: 5
Price: USD 27.19
Amount: USD 135.94

Subtotal: USD 135.94
Tax: USD 10.87
Total Paid: USD 146.81

Payment Method: Card
Payment Status: PAID

Thank you for your purchase.",RECEIPT
"QUOTATION

Quote Number: QT-2015
Quotation Date: 2026-09-26
Valid Until: 2026-10-17

Prepared By: Metro Electronics
Customer: ABC Holdings

Item Description: USB Cable
Quantity: 7
Unit Price: USD 189.74
Amount: USD 1328.19

Subtotal: USD 1328.19
Estimated Tax: USD 132.82
Quoted Total: USD 1461.01

This quotation is valid for 30 days.
Prices are subject to the stated terms.",QUOTATION
"QUOTATION

Quote Number: QT-2022
Quotation Date: 2026-09-09
Valid Until: 2026-10-11

Prepared By: Metro Electronics
Customer: Global Retail Group

Item Description: Printer Paper
Quantity: 2
Unit Price: USD 250.66
Amount: USD 501.32

Subtotal: USD 501.32
Estimated Tax: USD 50.13
Quoted Total: USD 551.45

This quotation is valid for 30 days.
Prices are subject to the stated terms.",QUOTATION
"SALES RECEIPT

Receipt No: RCP-3004
Date: 2026-09-01

Merchant: Nova Office Supplies

Laptop Stand
Qty: 2
Price: USD 47.23
Amount: USD 94.47

Subtotal: USD 94.47
Tax: USD 7.56
Total Paid: USD 102.03

Payment Method: Card
Payment Status: PAID

Thank you for your purchase.",RECEIPT
"SALES RECEIPT

Receipt No: RCP-3045
Date: 2026-09-17

Merchant: Metro Electronics

Consulting Service
Qty: 2
Price: USD 55.17
Amount: USD 110.35

Subtotal: USD 110.35
Tax: USD 8.83
Total Paid: USD 119.17

Payment Method: Card
Payment Status: PAID

Thank you for your purchase.",RECEIPT
"QUOTATION

Quote Number: QT-2023
Quotation Date: 2026-09-11
Valid Until: 2026-10-21

Prepared By: Prime Distribution
Customer: ABC Holdings

Item Description: Consulting Service
Quantity: 9
Unit Price: USD 208.60
Amount: USD 1877.44

Subtotal: USD 1877.44
Estimated Tax: USD 187.74
Quoted Total: USD 2065.18

This quotation is valid for 30 days.
Prices are subject to the stated terms.",QUOTATION
"INVOICE

Invoice Number: INV-1014
Invoice Date: 2026-09-05
Due Date: 2026-10-17

Vendor: Prime Distribution
Bill To: Ocean View Enterprises

Description: Network Installation
Quantity: 6
Unit Price: USD 81.41
Line Total: USD 488.46

Subtotal: USD 488.46
Tax: USD 48.85
Grand Total: USD 537.30

Payment Terms: Net 30
Thank you for your business.",INVOICE
"INVOICE

Invoice Number: INV-1118
Invoice Date: 2026-09-08
Due Date: 2026-10-21

Vendor: BlueWave Trading
Bill To: Bright Future Ltd

Description: Laptop Stand
Quantity: 7
Unit Price: USD 52.14
Line Total: USD 364.96

Subtotal: USD 364.96
Tax: USD 36.50
Grand Total: USD 401.46

Payment Terms: Net 30
Thank you for your business.",INVOICE
"QUOTATION

Quote Number: QT-2086
Quotation Date: 2026-09-06
Valid Until: 2026-10-26

Prepared By: Sunrise Stationery
Customer: ABC Holdings

Item Description: Network Installation
Quantity: 1
Unit Price: USD 484.11
Amount: USD 484.11

Subtotal: USD 484.11
Estimated Tax: USD 48.41
Quoted Total: USD 532.53

This quotation is valid for 30 days.
Prices are subject to the stated terms.",QUOTATION
"INVOICE

Invoice Number: INV-1036
Invoice Date: 2026-09-26
Due Date: 2026-10-26

Vendor: Metro Electronics
Bill To: Global Retail Group

Description: Wireless Keyboard
Quantity: 7
Unit Price: USD 94.26
Line Total: USD 659.80

Subtotal: USD 659.80
Tax: USD 65.98
Grand Total: USD 725.78

Payment Terms: Net 30
Thank you for your business.",INVOICE
"QUOTATION

Quote Number: QT-2061
Quotation Date: 2026-09-03
Valid Until: 2026-10-11

Prepared By: Prime Distribution
Customer: ABC Holdings

Item Description: Printer Cartridge
Quantity: 8
Unit Price: USD 64.54
Amount: USD 516.33

Subtotal: USD 516.33
Estimated Tax: USD 51.63
Quoted Total: USD 567.96

This quotation is valid for 30 days.
Prices are subject to the stated terms.",QUOTATION
"QUOTATION

Quote Number: QT-2099
Quotation Date: 2026-09-17
Valid Until: 2026-10-17

Prepared By: Metro Electronics
Customer: ABC Holdings

Item Description: Laptop Stand
Quantity: 8
Unit Price: USD 495.76
Amount: USD 3966.11

Subtotal: USD 3966.11
Estimated Tax: USD 396.61
Quoted Total: USD 4362.72

This quotation is valid for 30 days.
Prices are subject to the stated terms.",QUOTATION
"SALES RECEIPT

Receipt No: RCP-3012
Date: 2026-09-07

Merchant: Metro Electronics

Office Chair
Qty: 4
Price: USD 10.36
Amount: USD 41.45

Subtotal: USD 41.45
Tax: USD 3.32
Total Paid: USD 44.77

Payment Method: Card
Payment Status: PAID

Thank you for your purchase.",RECEIPT
"SALES RECEIPT

Receipt No: RCP-3050
Date: 2026-09-21

Merchant: Sunrise Stationery

Laptop Stand
Qty: 5
Price: USD 65.41
Amount: USD 327.03

Subtotal: USD 327.03
Tax: USD 26.16
Total Paid: USD 353.19

Payment Method: Card
Payment Status: PAID

Thank you for your purchase.",RECEIPT
"SALES RECEIPT

Receipt No: RCP-3060
Date: 2026-09-03

Merchant: City Computer Store

Printer Cartridge
Qty: 3
Price: USD 77.12
Amount: USD 231.36

Subtotal: USD 231.36
Tax: USD 18.51
Total Paid: USD 249.86

Payment Method: Card
Payment Status: PAID

Thank you for your purchase.",RECEIPT
"INVOICE

Invoice Number: INV-1061
Invoice Date: 2026-09-11
Due Date: 2026-10-14

Vendor: GreenTech Solutions
Bill To: Ocean View Enterprises

Description: Network Installation
Quantity: 6
Unit Price: USD 223.99
Line Total: USD 1343.96

Subtotal: USD 1343.96
Tax: USD 134.40
Grand Total: USD 1478.35

Payment Terms: Net 30
Thank you for your business.",INVOICE
"SALES RECEIPT

Receipt No: RCP-3026
Date: 2026-09-25

Merchant: City Computer Store

Wireless Keyboard
Qty: 2
Price: USD 14.75
Amount: USD 29.50

Subtotal: USD 29.50
Tax: USD 2.36
Total Paid: USD 31.86

Payment Method: Card
Payment Status: PAID

Thank you for your purchase.",RECEIPT
"QUOTATION

Quote Number: QT-2017
Quotation Date: 2026-09-11
Valid Until: 2026-10-18

Prepared By: City Computer Store
Customer: Northstar Consulting

Item Description: Printer Cartridge
Quantity: 9
Unit Price: USD 257.64
Amount: USD 2318.76

Subtotal: USD 2318.76
Estimated Tax: USD 231.88
Quoted Total: USD 2550.64

This quotation is valid for 30 days.
Prices are subject to the stated terms.",QUOTATION
"SALES RECEIPT

Receipt No: RCP-3078
Date: 2026-09-23

Merchant: Prime Distribution

Printer Paper
Qty: 2
Price: USD 9.58
Amount: USD 19.16

Subtotal: USD 19.16
Tax: USD 1.53
Total Paid: USD 20.69

Payment Method: Card
Payment Status: PAID

Thank you for your purchase.",RECEIPT
"INVOICE

Invoice Number: INV-1047
Invoice Date: 2026-09-20
Due Date: 2026-10-07

Vendor: Sunrise Stationery
Bill To: ABC Holdings

Description: Office Chair
Quantity: 3
Unit Price: USD 96.26
Line Total: USD 288.77

Subtotal: USD 288.77
Tax: USD 28.88
Grand Total: USD 317.65

Payment Terms: Net 30
Thank you for your business.",INVOICE
"SALES RECEIPT

Receipt No: RCP-3051
Date: 2026-09-10

Merchant: Nova Office Supplies

Printer Cartridge
Qty: 5
Price: USD 47.00
Amount: USD 235.01

Subtotal: USD 235.01
Tax: USD 18.80
Total Paid: USD 253.81

Payment Method: Card
Payment Status: PAID

Thank you for your purchase.",RECEIPT
"INVOICE

Invoice Number: INV-1076
Invoice Date: 2026-09-10
Due Date: 2026-10-08

Vendor: City Computer Store
Bill To: Northstar Consulting

Description: USB Cable
Quantity: 8
Unit Price: USD 41.70
Line Total: USD 333.56

Subtotal: USD 333.56
Tax: USD 33.36
Grand Total: USD 366.92

Payment Terms: Net 30
Thank you for your business.",INVOICE
"INVOICE

Invoice Number: INV-1038
Invoice Date: 2026-09-19
Due Date: 2026-10-16

Vendor: Nova Office Supplies
Bill To: Ocean View Enterprises

Description: Wireless Keyboard
Quantity: 6
Unit Price: USD 36.01
Line Total: USD 216.04

Subtotal: USD 216.04
Tax: USD 21.60
Grand Total: USD 237.64

Payment Terms: Net 30
Thank you for your business.",INVOICE
"INVOICE

Invoice Number: INV-1104
Invoice Date: 2026-09-04
Due Date: 2026-10-24

Vendor: Alpha Business Services
Bill To: Global Retail Group

Description: USB Cable
Quantity: 5
Unit Price: USD 90.39
Line Total: USD 451.97

Subtotal: USD 451.97
Tax: USD 45.20
Grand Total: USD 497.16

Payment Terms: Net 30
Thank you for your business.",INVOICE
"INVOICE

Invoice Number: INV-1106
Invoice Date: 2026-09-10
Due Date: 2026-10-08

Vendor: Sunrise Stationery
Bill To: Ocean View Enterprises

Description: USB Cable
Quantity: 2
Unit Price: USD 253.14
Line Total: USD 506.27

Subtotal: USD 506.27
Tax: USD 50.63
Grand Total: USD 556.90

Payment Terms: Net 30
Thank you for your business.",INVOICE
"SALES RECEIPT

Receipt No: RCP-3073
Date: 2026-09-18

Merchant: Sunrise Stationery

Consulting Service
Qty: 5
Price: USD 125.10
Amount: USD 625.51

Subtotal: USD 625.51
Tax: USD 50.04
Total Paid: USD 675.55

Payment Method: Card
Payment Status: PAID

Thank you for your purchase.",RECEIPT
"INVOICE

Invoice Number: INV-1081
Invoice Date: 2026-09-14
Due Date: 2026-10-16

Vendor: Prime Distribution
Bill To: Global Retail Group

Description: Laptop Stand
Quantity: 8
Unit Price: USD 81.44
Line Total: USD 651.50

Subtotal: USD 651.50
Tax: USD 65.15
Grand Total: USD 716.65

Payment Terms: Net 30
Thank you for your business.",INVOICE
"QUOTATION

Quote Number: QT-2014
Quotation Date: 2026-09-20
Valid Until: 2026-10-17

Prepared By: City Computer Store
Customer: Ocean View Enterprises

Item Description: Printer Paper
Quantity: 7
Unit Price: USD 119.59
Amount: USD 837.11

Subtotal: USD 837.11
Estimated Tax: USD 83.71
Quoted Total: USD 920.82

This quotation is valid for 30 days.
Prices are subject to the stated terms.",QUOTATION
"SALES RECEIPT

Receipt No: RCP-3069
Date: 2026-09-13

Merchant: Alpha Business Services

Printer Paper
Qty: 2
Price: USD 92.36
Amount: USD 184.71

Subtotal: USD 184.71
Tax: USD 14.78
Total Paid: USD 199.49

Payment Method: Card
Payment Status: PAID

Thank you for your purchase.",RECEIPT
"INVOICE

Invoice Number: INV-1097
Invoice Date: 2026-09-19
Due Date: 2026-10-20

Vendor: GreenTech Solutions
Bill To: Bright Future Ltd

Description: Printer Cartridge
Quantity: 4
Unit Price: USD 230.13
Line Total: USD 920.53

Subtotal: USD 920.53
Tax: USD 92.05
Grand Total: USD 1012.59

Payment Terms: Net 30
Thank you for your business.",INVOICE
"QUOTATION

Quote Number: QT-2051
Quotation Date: 2026-09-28
Valid Until: 2026-10-27

Prepared By: Nova Office Supplies
Customer: Global Retail Group

Item Description: USB Cable
Quantity: 4
Unit Price: USD 485.06
Amount: USD 1940.23

Subtotal: USD 1940.23
Estimated Tax: USD 194.02
Quoted Total: USD 2134.25

This quotation is valid for 30 days.
Prices are subject to the stated terms.",QUOTATION
"SALES RECEIPT

Receipt No: RCP-3027
Date: 2026-09-02

Merchant: Alpha Business Services

Consulting Service
Qty: 4
Price: USD 142.67
Amount: USD 570.69

Subtotal: USD 570.69
Tax: USD 45.66
Total Paid: USD 616.35

Payment Method: Card
Payment Status: PAID

Thank you for your purchase.",RECEIPT
"SALES RECEIPT

Receipt No: RCP-3088
Date: 2026-09-26

Merchant: Prime Distribution

Network Installation
Qty: 3
Price: USD 143.42
Amount: USD 430.25

Subtotal: USD 430.25
Tax: USD 34.42
Total Paid: USD 464.68

Payment Method: Card
Payment Status: PAID

Thank you for your purchase.",RECEIPT
"INVOICE

Invoice Number: INV-1088
Invoice Date: 2026-09-22
Due Date: 2026-10-04

Vendor: Nova Office Supplies
Bill To: Ocean View Enterprises

Description: Printer Paper
Quantity: 4
Unit Price: USD 55.34
Line Total: USD 221.37

Subtotal: USD 221.37
Tax: USD 22.14
Grand Total: USD 243.50

Payment Terms: Net 30
Thank you for your business.",INVOICE
"SALES RECEIPT

Receipt No: RCP-3008
Date: 2026-09-03

Merchant: Alpha Business Services

USB Cable
Qty: 1
Price: USD 56.78
Amount: USD 56.78

Subtotal: USD 56.78
Tax: USD 4.54
Total Paid: USD 61.32

Payment Method: Card
Payment Status: PAID

Thank you for your purchase.",RECEIPT
"SALES RECEIPT

Receipt No: RCP-3040
Date: 2026-09-25

Merchant: Sunrise Stationery

Network Installation
Qty: 4
Price: USD 81.23
Amount: USD 324.90

Subtotal: USD 324.90
Tax: USD 25.99
Total Paid: USD 350.90

Payment Method: Card
Payment Status: PAID

Thank you for your purchase.",RECEIPT
"SALES RECEIPT

Receipt No: RCP-3013
Date: 2026-09-10

Merchant: Nova Office Supplies

Laptop Stand
Qty: 1
Price: USD 50.76
Amount: USD 50.76

Subtotal: USD 50.76
Tax: USD 4.06
Total Paid: USD 54.82

Payment Method: Card
Payment Status: PAID

Thank you for your purchase.",RECEIPT
"QUOTATION

Quote Number: QT-2098
Quotation Date: 2026-09-03
Valid Until: 2026-10-17

Prepared By: Nova Office Supplies
Customer: Global Retail Group

Item Description: Office Chair
Quantity: 6
Unit Price: USD 491.72
Amount: USD 2950.33

Subtotal: USD 2950.33
Estimated Tax: USD 295.03
Quoted Total: USD 3245.36

This quotation is valid for 30 days.
Prices are subject to the stated terms.",QUOTATION
"INVOICE

Invoice Number: INV-1089
Invoice Date: 2026-09-20
Due Date: 2026-10-24

Vendor: BlueWave Trading
Bill To: Global Retail Group

Description: USB Cable
Quantity: 6
Unit Price: USD 66.98
Line Total: USD 401.89

Subtotal: USD 401.89
Tax: USD 40.19
Grand Total: USD 442.07

Payment Terms: Net 30
Thank you for your business.",INVOICE
"INVOICE

Invoice Number: INV-1031
Invoice Date: 2026-09-24
Due Date: 2026-10-11

Vendor: Prime Distribution
Bill To: Global Retail Group

Description: Wireless Keyboard
Quantity: 2
Unit Price: USD 36.97
Line Total: USD 73.94

Subtotal: USD 73.94
Tax: USD 7.39
Grand Total: USD 81.34

Payment Terms: Net 30
Thank you for your business.",INVOICE
"QUOTATION

Quote Number: QT-2020
Quotation Date: 2026-09-05
Valid Until: 2026-10-17

Prepared By: Prime Distribution
Customer: Global Retail Group

Item Description: Printer Paper
Quantity: 8
Unit Price: USD 483.47
Amount: USD 3867.74

Subtotal: USD 3867.74
Estimated Tax: USD 386.77
Quoted Total: USD 4254.51

This quotation is valid for 30 days.
Prices are subject to the stated terms.",QUOTATION
"QUOTATION

Quote Number: QT-2033
Quotation Date: 2026-09-19
Valid Until: 2026-10-10

Prepared By: City Computer Store
Customer: ABC Holdings

Item Description: Laptop Stand
Quantity: 7
Unit Price: USD 298.80
Amount: USD 2091.63

Subtotal: USD 2091.63
Estimated Tax: USD 209.16
Quoted Total: USD 2300.79

This quotation is valid for 30 days.
Prices are subject to the stated terms.",QUOTATION
"QUOTATION

Quote Number: QT-2091
Quotation Date: 2026-09-25
Valid Until: 2026-10-21

Prepared By: BlueWave Trading
Customer: Northstar Consulting

Item Description: Printer Paper
Quantity: 2
Unit Price: USD 113.26
Amount: USD 226.52

Subtotal: USD 226.52
Estimated Tax: USD 22.65
Quoted Total: USD 249.17

This quotation is valid for 30 days.
Prices are subject to the stated terms.",QUOTATION
"INVOICE

Invoice Number: INV-1113
Invoice Date: 2026-09-10
Due Date: 2026-10-28

Vendor: BlueWave Trading
Bill To: Ocean View Enterprises

Description: Network Installation
Quantity: 8
Unit Price: USD 274.38
Line Total: USD 2195.05

Subtotal: USD 2195.05
Tax: USD 219.50
Grand Total: USD 2414.55

Payment Terms: Net 30
Thank you for your business.",INVOICE
"INVOICE

Invoice Number: INV-1073
Invoice Date: 2026-09-26
Due Date: 2026-10-15

Vendor: City Computer Store
Bill To: ABC Holdings

Description: Laptop Stand
Quantity: 2
Unit Price: USD 147.81
Line Total: USD 295.62

Subtotal: USD 295.62
Tax: USD 29.56
Grand Total: USD 325.18

Payment Terms: Net 30
Thank you for your business.",INVOICE
"QUOTATION

Quote Number: QT-2034
Quotation Date: 2026-09-28
Valid Until: 2026-10-22

Prepared By: Sunrise Stationery
Customer: ABC Holdings

Item Description: Network Installation
Quantity: 5
Unit Price: USD 33.81
Amount: USD 169.03

Subtotal: USD 169.03
Estimated Tax: USD 16.90
Quoted Total: USD 185.93

This quotation is valid for 30 days.
Prices are subject to the stated terms.",QUOTATION
"QUOTATION

Quote Number: QT-2001
Quotation Date: 2026-09-02
Valid Until: 2026-10-14

Prepared By: Sunrise Stationery
Customer: Ocean View Enterprises

Item Description: Printer Cartridge
Quantity: 8
Unit Price: USD 67.81
Amount: USD 542.46

Subtotal: USD 542.46
Estimated Tax: USD 54.25
Quoted Total: USD 596.71

This quotation is valid for 30 days.
Prices are subject to the stated terms.",QUOTATION
"QUOTATION

Quote Number: QT-2044
Quotation Date: 2026-09-18
Valid Until: 2026-10-11

Prepared By: Alpha Business Services
Customer: ABC Holdings

Item Description: Laptop Stand
Quantity: 8
Unit Price: USD 41.76
Amount: USD 334.09

Subtotal: USD 334.09
Estimated Tax: USD 33.41
Quoted Total: USD 367.50

This quotation is valid for 30 days.
Prices are subject to the stated terms.",QUOTATION
"QUOTATION

Quote Number: QT-2043
Quotation Date: 2026-09-27
Valid Until: 2026-10-21

Prepared By: GreenTech Solutions
Customer: Global Retail Group

Item Description: Consulting Service
Quantity: 5
Unit Price: USD 304.74
Amount: USD 1523.72

Subtotal: USD 1523.72
Estimated Tax: USD 152.37
Quoted Total: USD 1676.09

This quotation is valid for 30 days.
Prices are subject to the stated terms.",QUOTATION
"SALES RECEIPT

Receipt No: RCP-3070
Date: 2026-09-11

Merchant: Nova Office Supplies

Wireless Keyboard
Qty: 1
Price: USD 24.87
Amount: USD 24.87

Subtotal: USD 24.87
Tax: USD 1.99
Total Paid: USD 26.86

Payment Method: Card
Payment Status: PAID

Thank you for your purchase.",RECEIPT
"QUOTATION

Quote Number: QT-2028
Quotation Date: 2026-09-20
Valid Until: 2026-10-28

Prepared By: Prime Distribution
Customer: Ocean View Enterprises

Item Description: Printer Paper
Quantity: 3
Unit Price: USD 112.28
Amount: USD 336.85

Subtotal: USD 336.85
Estimated Tax: USD 33.68
Quoted Total: USD 370.53

This quotation is valid for 30 days.
Prices are subject to the stated terms.",QUOTATION
"SALES RECEIPT

Receipt No: RCP-3017
Date: 2026-09-06

Merchant: Prime Distribution

Printer Cartridge
Qty: 4
Price: USD 54.16
Amount: USD 216.64

Subtotal: USD 216.64
Tax: USD 17.33
Total Paid: USD 233.97

Payment Method: Card
Payment Status: PAID

Thank you for your purchase.",RECEIPT
"INVOICE

Invoice Number: INV-1071
Invoice Date: 2026-09-08
Due Date: 2026-10-05

Vendor: City Computer Store
Bill To: Global Retail Group

Description: Laptop Stand
Quantity: 7
Unit Price: USD 158.43
Line Total: USD 1108.98

Subtotal: USD 1108.98
Tax: USD 110.90
Grand Total: USD 1219.88

Payment Terms: Net 30
Thank you for your business.",INVOICE
"SALES RECEIPT

Receipt No: RCP-3114
Date: 2026-09-24

Merchant: BlueWave Trading

Printer Paper
Qty: 4
Price: USD 27.21
Amount: USD 108.85

Subtotal: USD 108.85
Tax: USD 8.71
Total Paid: USD 117.56

Payment Method: Card
Payment Status: PAID

Thank you for your purchase.",RECEIPT
"SALES RECEIPT

Receipt No: RCP-3098
Date: 2026-09-28

Merchant: GreenTech Solutions

Laptop Stand
Qty: 5
Price: USD 112.11
Amount: USD 560.55

Subtotal: USD 560.55
Tax: USD 44.84
Total Paid: USD 605.39

Payment Method: Card
Payment Status: PAID

Thank you for your purchase.",RECEIPT
"INVOICE

Invoice Number: INV-1119
Invoice Date: 2026-09-26
Due Date: 2026-10-10

Vendor: Metro Electronics
Bill To: Bright Future Ltd

Description: Printer Paper
Quantity: 2
Unit Price: USD 36.70
Line Total: USD 73.40

Subtotal: USD 73.40
Tax: USD 7.34
Grand Total: USD 80.74

Payment Terms: Net 30
Thank you for your business.",INVOICE
"QUOTATION

Quote Number: QT-2104
Quotation Date: 2026-09-22
Valid Until: 2026-10-14

Prepared By: Prime Distribution
Customer: Bright Future Ltd

Item Description: Printer Paper
Quantity: 9
Unit Price: USD 73.92
Amount: USD 665.31

Subtotal: USD 665.31
Estimated Tax: USD 66.53
Quoted Total: USD 731.84

This quotation is valid for 30 days.
Prices are subject to the stated terms.",QUOTATION
"QUOTATION

Quote Number: QT-2085
Quotation Date: 2026-09-21
Valid Until: 2026-10-14

Prepared By: Alpha Business Services
Customer: Ocean View Enterprises

Item Description: Network Installation
Quantity: 10
Unit Price: USD 220.08
Amount: USD 2200.79

Subtotal: USD 2200.79
Estimated Tax: USD 220.08
Quoted Total: USD 2420.87

This quotation is valid for 30 days.
Prices are subject to the stated terms.",QUOTATION
"INVOICE

Invoice Number: INV-1022
Invoice Date: 2026-09-03
Due Date: 2026-10-03

Vendor: Sunrise Stationery
Bill To: Northstar Consulting

Description: Wireless Keyboard
Quantity: 4
Unit Price: USD 265.84
Line Total: USD 1063.37

Subtotal: USD 1063.37
Tax: USD 106.34
Grand Total: USD 1169.71

Payment Terms: Net 30
Thank you for your business.",INVOICE
"QUOTATION

Quote Number: QT-2005
Quotation Date: 2026-09-11
Valid Until: 2026-10-14

Prepared By: Prime Distribution
Customer: Bright Future Ltd

Item Description: Consulting Service
Quantity: 2
Unit Price: USD 433.13
Amount: USD 866.27

Subtotal: USD 866.27
Estimated Tax: USD 86.63
Quoted Total: USD 952.90

This quotation is valid for 30 days.
Prices are subject to the stated terms.",QUOTATION
"INVOICE

Invoice Number: INV-1024
Invoice Date: 2026-09-25
Due Date: 2026-10-24

Vendor: Sunrise Stationery
Bill To: Ocean View Enterprises

Description: Network Installation
Quantity: 4
Unit Price: USD 280.10
Line Total: USD 1120.38

Subtotal: USD 1120.38
Tax: USD 112.04
Grand Total: USD 1232.42

Payment Terms: Net 30
Thank you for your business.",INVOICE
"SALES RECEIPT

Receipt No: RCP-3115
Date: 2026-09-25

Merchant: Alpha Business Services

Network Installation
Qty: 5
Price: USD 137.36
Amount: USD 686.78

Subtotal: USD 686.78
Tax: USD 54.94
Total Paid: USD 741.72

Payment Method: Card
Payment Status: PAID

Thank you for your purchase.",RECEIPT
"INVOICE

Invoice Number: INV-1017
Invoice Date: 2026-09-18
Due Date: 2026-10-25

Vendor: Sunrise Stationery
Bill To: Ocean View Enterprises

Description: Wireless Keyboard
Quantity: 2
Unit Price: USD 210.88
Line Total: USD 421.76

Subtotal: USD 421.76
Tax: USD 42.18
Grand Total: USD 463.93

Payment Terms: Net 30
Thank you for your business.",INVOICE
"INVOICE

Invoice Number: INV-1051
Invoice Date: 2026-09-05
Due Date: 2026-10-14

Vendor: Metro Electronics
Bill To: Ocean View Enterprises

Description: Wireless Keyboard
Quantity: 6
Unit Price: USD 183.10
Line Total: USD 1098.62

Subtotal: USD 1098.62
Tax: USD 109.86
Grand Total: USD 1208.48

Payment Terms: Net 30
Thank you for your business.",INVOICE
"INVOICE

Invoice Number: INV-1034
Invoice Date: 2026-09-28
Due Date: 2026-10-08

Vendor: GreenTech Solutions
Bill To: ABC Holdings

Description: Wireless Keyboard
Quantity: 2
Unit Price: USD 279.38
Line Total: USD 558.77

Subtotal: USD 558.77
Tax: USD 55.88
Grand Total: USD 614.64

Payment Terms: Net 30
Thank you for your business.",INVOICE
"INVOICE

Invoice Number: INV-1105
Invoice Date: 2026-09-24
Due Date: 2026-10-16

Vendor: BlueWave Trading
Bill To: Bright Future Ltd

Description: Office Chair
Quantity: 3
Unit Price: USD 73.63
Line Total: USD 220.89

Subtotal: USD 220.89
Tax: USD 22.09
Grand Total: USD 242.98

Payment Terms: Net 30
Thank you for your business.",INVOICE
"QUOTATION

Quote Number: QT-2003
Quotation Date: 2026-09-21
Valid Until: 2026-10-15

Prepared By: Nova Office Supplies
Customer: Bright Future Ltd

Item Description: Wireless Keyboard
Quantity: 3
Unit Price: USD 251.14
Amount: USD 753.41

Subtotal: USD 753.41
Estimated Tax: USD 75.34
Quoted Total: USD 828.75

This quotation is valid for 30 days.
Prices are subject to the stated terms.",QUOTATION
"INVOICE

Invoice Number: INV-1008
Invoice Date: 2026-09-22
Due Date: 2026-10-09

Vendor: City Computer Store
Bill To: Bright Future Ltd

Description: Printer Paper
Quantity: 6
Unit Price: USD 119.48
Line Total: USD 716.85

Subtotal: USD 716.85
Tax: USD 71.69
Grand Total: USD 788.54

Payment Terms: Net 30
Thank you for your business.",INVOICE
"QUOTATION

Quote Number: QT-2094
Quotation Date: 2026-09-10
Valid Until: 2026-10-15

Prepared By: Sunrise Stationery
Customer: Ocean View Enterprises

Item Description: Wireless Keyboard
Quantity: 6
Unit Price: USD 268.45
Amount: USD 1610.69

Subtotal: USD 1610.69
Estimated Tax: USD 161.07
Quoted Total: USD 1771.76

This quotation is valid for 30 days.
Prices are subject to the stated terms.",QUOTATION
"SALES RECEIPT

Receipt No: RCP-3087
Date: 2026-09-18

Merchant: Sunrise Stationery

USB Cable
Qty: 1
Price: USD 88.15
Amount: USD 88.15

Subtotal: USD 88.15
Tax: USD 7.05
Total Paid: USD 95.21

Payment Method: Card
Payment Status: PAID

Thank you for your purchase.",RECEIPT
"INVOICE

Invoice Number: INV-1057
Invoice Date: 2026-09-15
Due Date: 2026-10-12

Vendor: Nova Office Supplies
Bill To: Global Retail Group

Description: Laptop Stand
Quantity: 4
Unit Price: USD 248.64
Line Total: USD 994.58

Subtotal: USD 994.58
Tax: USD 99.46
Grand Total: USD 1094.03

Payment Terms: Net 30
Thank you for your business.",INVOICE
"INVOICE

Invoice Number: INV-1096
Invoice Date: 2026-09-08
Due Date: 2026-10-27

Vendor: City Computer Store
Bill To: Global Retail Group

Description: Network Installation
Quantity: 5
Unit Price: USD 110.25
Line Total: USD 551.23

Subtotal: USD 551.23
Tax: USD 55.12
Grand Total: USD 606.35

Payment Terms: Net 30
Thank you for your business.",INVOICE
"QUOTATION

Quote Number: QT-2021
Quotation Date: 2026-09-15
Valid Until: 2026-10-01

Prepared By: Alpha Business Services
Customer: ABC Holdings

Item Description: Printer Cartridge
Quantity: 2
Unit Price: USD 277.20
Amount: USD 554.39

Subtotal: USD 554.39
Estimated Tax: USD 55.44
Quoted Total: USD 609.83

This quotation is valid for 30 days.
Prices are subject to the stated terms.",QUOTATION
"INVOICE

Invoice Number: INV-1079
Invoice Date: 2026-09-25
Due Date: 2026-10-19

Vendor: Prime Distribution
Bill To: ABC Holdings

Description: Laptop Stand
Quantity: 7
Unit Price: USD 129.05
Line Total: USD 903.37

Subtotal: USD 903.37
Tax: USD 90.34
Grand Total: USD 993.71

Payment Terms: Net 30
Thank you for your business.",INVOICE
"QUOTATION

Quote Number: QT-2057
Quotation Date: 2026-09-24
Valid Until: 2026-10-14

Prepared By: Alpha Business Services
Customer: ABC Holdings

Item Description: Printer Paper
Quantity: 5
Unit Price: USD 54.63
Amount: USD 273.14

Subtotal: USD 273.14
Estimated Tax: USD 27.31
Quoted Total: USD 300.45

This quotation is valid for 30 days.
Prices are subject to the stated terms.",QUOTATION
"QUOTATION

Quote Number: QT-2115
Quotation Date: 2026-09-01
Valid Until: 2026-10-14

Prepared By: Prime Distribution
Customer: ABC Holdings

Item Description: Laptop Stand
Quantity: 8
Unit Price: USD 445.78
Amount: USD 3566.21

Subtotal: USD 3566.21
Estimated Tax: USD 356.62
Quoted Total: USD 3922.83

This quotation is valid for 30 days.
Prices are subject to the stated terms.",QUOTATION
"QUOTATION

Quote Number: QT-2006
Quotation Date: 2026-09-03
Valid Until: 2026-10-11

Prepared By: City Computer Store
Customer: Bright Future Ltd

Item Description: Network Installation
Quantity: 9
Unit Price: USD 47.25
Amount: USD 425.23

Subtotal: USD 425.23
Estimated Tax: USD 42.52
Quoted Total: USD 467.75

This quotation is valid for 30 days.
Prices are subject to the stated terms.",QUOTATION
"INVOICE

Invoice Number: INV-1117
Invoice Date: 2026-09-15
Due Date: 2026-10-03

Vendor: Nova Office Supplies
Bill To: Northstar Consulting

Description: USB Cable
Quantity: 5
Unit Price: USD 216.84
Line Total: USD 1084.18

Subtotal: USD 1084.18
Tax: USD 108.42
Grand Total: USD 1192.60

Payment Terms: Net 30
Thank you for your business.",INVOICE
"QUOTATION

Quote Number: QT-2074
Quotation Date: 2026-09-05
Valid Until: 2026-10-19

Prepared By: Sunrise Stationery
Customer: Bright Future Ltd

Item Description: Consulting Service
Quantity: 1
Unit Price: USD 115.26
Amount: USD 115.26

Subtotal: USD 115.26
Estimated Tax: USD 11.53
Quoted Total: USD 126.79

This quotation is valid for 30 days.
Prices are subject to the stated terms.",QUOTATION
"SALES RECEIPT

Receipt No: RCP-3032
Date: 2026-09-10

Merchant: Sunrise Stationery

Printer Cartridge
Qty: 2
Price: USD 149.47
Amount: USD 298.95

Subtotal: USD 298.95
Tax: USD 23.92
Total Paid: USD 322.86

Payment Method: Card
Payment Status: PAID

Thank you for your purchase.",RECEIPT
"QUOTATION

Quote Number: QT-2097
Quotation Date: 2026-09-17
Valid Until: 2026-10-05

Prepared By: Nova Office Supplies
Customer: Global Retail Group

Item Description: Laptop Stand
Quantity: 6
Unit Price: USD 314.35
Amount: USD 1886.12

Subtotal: USD 1886.12
Estimated Tax: USD 188.61
Quoted Total: USD 2074.73

This quotation is valid for 30 days.
Prices are subject to the stated terms.",QUOTATION
"SALES RECEIPT

Receipt No: RCP-3038
Date: 2026-09-12

Merchant: City Computer Store

Wireless Keyboard
Qty: 3
Price: USD 85.33
Amount: USD 256.00

Subtotal: USD 256.00
Tax: USD 20.48
Total Paid: USD 276.48

Payment Method: Card
Payment Status: PAID

Thank you for your purchase.",RECEIPT
"QUOTATION

Quote Number: QT-2117
Quotation Date: 2026-09-21
Valid Until: 2026-10-11

Prepared By: BlueWave Trading
Customer: ABC Holdings

Item Description: Consulting Service
Quantity: 2
Unit Price: USD 424.41
Amount: USD 848.83

Subtotal: USD 848.83
Estimated Tax: USD 84.88
Quoted Total: USD 933.71

This quotation is valid for 30 days.
Prices are subject to the stated terms.",QUOTATION
"QUOTATION

Quote Number: QT-2032
Quotation Date: 2026-09-07
Valid Until: 2026-10-13

Prepared By: Sunrise Stationery
Customer: Global Retail Group

Item Description: USB Cable
Quantity: 8
Unit Price: USD 427.29
Amount: USD 3418.34

Subtotal: USD 3418.34
Estimated Tax: USD 341.83
Quoted Total: USD 3760.18

This quotation is valid for 30 days.
Prices are subject to the stated terms.",QUOTATION
"SALES RECEIPT

Receipt No: RCP-3102
Date: 2026-09-21

Merchant: GreenTech Solutions

Consulting Service
Qty: 3
Price: USD 70.88
Amount: USD 212.64

Subtotal: USD 212.64
Tax: USD 17.01
Total Paid: USD 229.65

Payment Method: Card
Payment Status: PAID

Thank you for your purchase.",RECEIPT
"SALES RECEIPT

Receipt No: RCP-3099
Date: 2026-09-06

Merchant: Nova Office Supplies

Printer Paper
Qty: 4
Price: USD 132.93
Amount: USD 531.70

Subtotal: USD 531.70
Tax: USD 42.54
Total Paid: USD 574.24

Payment Method: Card
Payment Status: PAID

Thank you for your purchase.",RECEIPT
"INVOICE

Invoice Number: INV-1114
Invoice Date: 2026-09-07
Due Date: 2026-10-21

Vendor: Prime Distribution
Bill To: Bright Future Ltd

Description: Wireless Keyboard
Quantity: 2
Unit Price: USD 285.33
Line Total: USD 570.65

Subtotal: USD 570.65
Tax: USD 57.07
Grand Total: USD 627.72

Payment Terms: Net 30
Thank you for your business.",INVOICE
"INVOICE

Invoice Number: INV-1065
Invoice Date: 2026-09-13
Due Date: 2026-10-22

Vendor: Sunrise Stationery
Bill To: Ocean View Enterprises

Description: Printer Paper
Quantity: 4
Unit Price: USD 137.72
Line Total: USD 550.90

Subtotal: USD 550.90
Tax: USD 55.09
Grand Total: USD 605.99

Payment Terms: Net 30
Thank you for your business.",INVOICE
"SALES RECEIPT

Receipt No: RCP-3030
Date: 2026-09-06

Merchant: Sunrise Stationery

Laptop Stand
Qty: 1
Price: USD 8.76
Amount: USD 8.76

Subtotal: USD 8.76
Tax: USD 0.70
Total Paid: USD 9.46

Payment Method: Card
Payment Status: PAID

Thank you for your purchase.",RECEIPT
"QUOTATION

Quote Number: QT-2081
Quotation Date: 2026-09-07
Valid Until: 2026-10-10

Prepared By: Nova Office Supplies
Customer: Northstar Consulting

Item Description: Network Installation
Quantity: 10
Unit Price: USD 55.75
Amount: USD 557.48

Subtotal: USD 557.48
Estimated Tax: USD 55.75
Quoted Total: USD 613.22

This quotation is valid for 30 days.
Prices are subject to the stated terms.",QUOTATION
"SALES RECEIPT

Receipt No: RCP-3035
Date: 2026-09-10

Merchant: Alpha Business Services

Consulting Service
Qty: 1
Price: USD 84.75
Amount: USD 84.75

Subtotal: USD 84.75
Tax: USD 6.78
Total Paid: USD 91.53

Payment Method: Card
Payment Status: PAID

Thank you for your purchase.",RECEIPT
"INVOICE

Invoice Number: INV-1091
Invoice Date: 2026-09-27
Due Date: 2026-10-21

Vendor: Prime Distribution
Bill To: Global Retail Group

Description: Laptop Stand
Quantity: 2
Unit Price: USD 185.79
Line Total: USD 371.57

Subtotal: USD 371.57
Tax: USD 37.16
Grand Total: USD 408.73

Payment Terms: Net 30
Thank you for your business.",INVOICE
"INVOICE

Invoice Number: INV-1060
Invoice Date: 2026-09-09
Due Date: 2026-10-02

Vendor: Alpha Business Services
Bill To: ABC Holdings

Description: Office Chair
Quantity: 5
Unit Price: USD 70.00
Line Total: USD 349.99

Subtotal: USD 349.99
Tax: USD 35.00
Grand Total: USD 384.99

Payment Terms: Net 30
Thank you for your business.",INVOICE
"QUOTATION

Quote Number: QT-2058
Quotation Date: 2026-09-17
Valid Until: 2026-10-19

Prepared By: GreenTech Solutions
Customer: ABC Holdings

Item Description: Printer Cartridge
Quantity: 8
Unit Price: USD 395.67
Amount: USD 3165.34

Subtotal: USD 3165.34
Estimated Tax: USD 316.53
Quoted Total: USD 3481.88

This quotation is valid for 30 days.
Prices are subject to the stated terms.",QUOTATION
"INVOICE

Invoice Number: INV-1068
Invoice Date: 2026-09-10
Due Date: 2026-10-17

Vendor: BlueWave Trading
Bill To: Ocean View Enterprises

Description: Printer Cartridge
Quantity: 3
Unit Price: USD 204.48
Line Total: USD 613.43

Subtotal: USD 613.43
Tax: USD 61.34
Grand Total: USD 674.78

Payment Terms: Net 30
Thank you for your business.",INVOICE
"SALES RECEIPT

Receipt No: RCP-3036
Date: 2026-09-17

Merchant: Sunrise Stationery

Printer Paper
Qty: 2
Price: USD 120.09
Amount: USD 240.17

Subtotal: USD 240.17
Tax: USD 19.21
Total Paid: USD 259.39

Payment Method: Card
Payment Status: PAID

Thank you for your purchase.",RECEIPT
"INVOICE

Invoice Number: INV-1041
Invoice Date: 2026-09-23
Due Date: 2026-10-11

Vendor: GreenTech Solutions
Bill To: Global Retail Group

Description: Consulting Service
Quantity: 5
Unit Price: USD 77.19
Line Total: USD 385.96

Subtotal: USD 385.96
Tax: USD 38.60
Grand Total: USD 424.56

Payment Terms: Net 30
Thank you for your business.",INVOICE
"QUOTATION

Quote Number: QT-2072
Quotation Date: 2026-09-25
Valid Until: 2026-10-27

Prepared By: GreenTech Solutions
Customer: Bright Future Ltd

Item Description: Laptop Stand
Quantity: 7
Unit Price: USD 427.22
Amount: USD 2990.56

Subtotal: USD 2990.56
Estimated Tax: USD 299.06
Quoted Total: USD 3289.62

This quotation is valid for 30 days.
Prices are subject to the stated terms.",QUOTATION
"QUOTATION

Quote Number: QT-2073
Quotation Date: 2026-09-23
Valid Until: 2026-10-25

Prepared By: Nova Office Supplies
Customer: Ocean View Enterprises

Item Description: USB Cable
Quantity: 1
Unit Price: USD 114.80
Amount: USD 114.80

Subtotal: USD 114.80
Estimated Tax: USD 11.48
Quoted Total: USD 126.28

This quotation is valid for 30 days.
Prices are subject to the stated terms.",QUOTATION
"QUOTATION

Quote Number: QT-2109
Quotation Date: 2026-09-24
Valid Until: 2026-10-08

Prepared By: Metro Electronics
Customer: Global Retail Group

Item Description: Wireless Keyboard
Quantity: 7
Unit Price: USD 201.22
Amount: USD 1408.55

Subtotal: USD 1408.55
Estimated Tax: USD 140.85
Quoted Total: USD 1549.40

This quotation is valid for 30 days.
Prices are subject to the stated terms.",QUOTATION
"QUOTATION

Quote Number: QT-2075
Quotation Date: 2026-09-17
Valid Until: 2026-10-07

Prepared By: Prime Distribution
Customer: ABC Holdings

Item Description: Printer Paper
Quantity: 1
Unit Price: USD 73.13
Amount: USD 73.13

Subtotal: USD 73.13
Estimated Tax: USD 7.31
Quoted Total: USD 80.44

This quotation is valid for 30 days.
Prices are subject to the stated terms.",QUOTATION
"QUOTATION

Quote Number: QT-2071
Quotation Date: 2026-09-18
Valid Until: 2026-10-12

Prepared By: Metro Electronics
Customer: Global Retail Group

Item Description: Laptop Stand
Quantity: 2
Unit Price: USD 194.55
Amount: USD 389.11

Subtotal: USD 389.11
Estimated Tax: USD 38.91
Quoted Total: USD 428.02

This quotation is valid for 30 days.
Prices are subject to the stated terms.",QUOTATION
"QUOTATION

Quote Number: QT-2095
Quotation Date: 2026-09-03
Valid Until: 2026-10-21

Prepared By: City Computer Store
Customer: ABC Holdings

Item Description: Wireless Keyboard
Quantity: 6
Unit Price: USD 420.90
Amount: USD 2525.38

Subtotal: USD 2525.38
Estimated Tax: USD 252.54
Quoted Total: USD 2777.92

This quotation is valid for 30 days.
Prices are subject to the stated terms.",QUOTATION
"INVOICE

Invoice Number: INV-1069
Invoice Date: 2026-09-07
Due Date: 2026-10-05

Vendor: Alpha Business Services
Bill To: ABC Holdings

Description: Laptop Stand
Quantity: 5
Unit Price: USD 82.90
Line Total: USD 414.50

Subtotal: USD 414.50
Tax: USD 41.45
Grand Total: USD 455.95

Payment Terms: Net 30
Thank you for your business.",INVOICE
"INVOICE

Invoice Number: INV-1092
Invoice Date: 2026-09-19
Due Date: 2026-10-26

Vendor: BlueWave Trading
Bill To: ABC Holdings

Description: USB Cable
Quantity: 2
Unit Price: USD 242.94
Line Total: USD 485.89

Subtotal: USD 485.89
Tax: USD 48.59
Grand Total: USD 534.48

Payment Terms: Net 30
Thank you for your business.",INVOICE
"QUOTATION

Quote Number: QT-2089
Quotation Date: 2026-09-04
Valid Until: 2026-10-17

Prepared By: BlueWave Trading
Customer: Bright Future Ltd

Item Description: Printer Paper
Quantity: 2
Unit Price: USD 269.93
Amount: USD 539.85

Subtotal: USD 539.85
Estimated Tax: USD 53.99
Quoted Total: USD 593.84

This quotation is valid for 30 days.
Prices are subject to the stated terms.",QUOTATION
"QUOTATION

Quote Number: QT-2026
Quotation Date: 2026-09-02
Valid Until: 2026-10-11

Prepared By: GreenTech Solutions
Customer: Global Retail Group

Item Description: Printer Paper
Quantity: 5
Unit Price: USD 454.61
Amount: USD 2273.05

Subtotal: USD 2273.05
Estimated Tax: USD 227.30
Quoted Total: USD 2500.35

This quotation is valid for 30 days.
Prices are subject to the stated terms.",QUOTATION
"INVOICE

Invoice Number: INV-1016
Invoice Date: 2026-09-15
Due Date: 2026-10-17

Vendor: Prime Distribution
Bill To: Ocean View Enterprises

Description: Office Chair
Quantity: 7
Unit Price: USD 126.85
Line Total: USD 887.97

Subtotal: USD 887.97
Tax: USD 88.80
Grand Total: USD 976.77

Payment Terms: Net 30
Thank you for your business.",INVOICE
"SALES RECEIPT

Receipt No: RCP-3001
Date: 2026-09-04

Merchant: Prime Distribution

Office Chair
Qty: 3
Price: USD 39.46
Amount: USD 118.37

Subtotal: USD 118.37
Tax: USD 9.47
Total Paid: USD 127.84

Payment Method: Card
Payment Status: PAID

Thank you for your purchase.",RECEIPT
"INVOICE

Invoice Number: INV-1035
Invoice Date: 2026-09-13
Due Date: 2026-10-02

Vendor: Metro Electronics
Bill To: Global Retail Group

Description: Printer Cartridge
Quantity: 8
Unit Price: USD 79.85
Line Total: USD 638.79

Subtotal: USD 638.79
Tax: USD 63.88
Grand Total: USD 702.67

Payment Terms: Net 30
Thank you for your business.",INVOICE
"INVOICE

Invoice Number: INV-1030
Invoice Date: 2026-09-12
Due Date: 2026-10-14

Vendor: Prime Distribution
Bill To: Northstar Consulting

Description: Office Chair
Quantity: 2
Unit Price: USD 204.52
Line Total: USD 409.03

Subtotal: USD 409.03
Tax: USD 40.90
Grand Total: USD 449.93

Payment Terms: Net 30
Thank you for your business.",INVOICE
"SALES RECEIPT

Receipt No: RCP-3037
Date: 2026-09-08

Merchant: BlueWave Trading

Office Chair
Qty: 2
Price: USD 119.85
Amount: USD 239.70

Subtotal: USD 239.70
Tax: USD 19.18
Total Paid: USD 258.87

Payment Method: Card
Payment Status: PAID

Thank you for your purchase.",RECEIPT
"INVOICE

Invoice Number: INV-1032
Invoice Date: 2026-09-05
Due Date: 2026-10-14

Vendor: GreenTech Solutions
Bill To: Northstar Consulting

Description: Laptop Stand
Quantity: 4
Unit Price: USD 170.16
Line Total: USD 680.64

Subtotal: USD 680.64
Tax: USD 68.06
Grand Total: USD 748.70

Payment Terms: Net 30
Thank you for your business.",INVOICE
"QUOTATION

Quote Number: QT-2056
Quotation Date: 2026-09-26
Valid Until: 2026-10-08

Prepared By: GreenTech Solutions
Customer: ABC Holdings

Item Description: Printer Paper
Quantity: 1
Unit Price: USD 198.37
Amount: USD 198.37

Subtotal: USD 198.37
Estimated Tax: USD 19.84
Quoted Total: USD 218.21

This quotation is valid for 30 days.
Prices are subject to the stated terms.",QUOTATION
"QUOTATION

Quote Number: QT-2096
Quotation Date: 2026-09-26
Valid Until: 2026-10-24

Prepared By: GreenTech Solutions
Customer: Ocean View Enterprises

Item Description: Network Installation
Quantity: 8
Unit Price: USD 302.75
Amount: USD 2422.04

Subtotal: USD 2422.04
Estimated Tax: USD 242.20
Quoted Total: USD 2664.24

This quotation is valid for 30 days.
Prices are subject to the stated terms.",QUOTATION
"INVOICE

Invoice Number: INV-1023
Invoice Date: 2026-09-18
Due Date: 2026-10-06

Vendor: City Computer Store
Bill To: ABC Holdings

Description: Printer Paper
Quantity: 3
Unit Price: USD 204.73
Line Total: USD 614.19

Subtotal: USD 614.19
Tax: USD 61.42
Grand Total: USD 675.61

Payment Terms: Net 30
Thank you for your business.",INVOICE
"INVOICE

Invoice Number: INV-1037
Invoice Date: 2026-09-10
Due Date: 2026-10-07

Vendor: City Computer Store
Bill To: Bright Future Ltd

Description: Network Installation
Quantity: 8
Unit Price: USD 63.34
Line Total: USD 506.74

Subtotal: USD 506.74
Tax: USD 50.67
Grand Total: USD 557.42

Payment Terms: Net 30
Thank you for your business.",INVOICE
"SALES RECEIPT

Receipt No: RCP-3056
Date: 2026-09-09

Merchant: GreenTech Solutions

Consulting Service
Qty: 2
Price: USD 72.64
Amount: USD 145.28

Subtotal: USD 145.28
Tax: USD 11.62
Total Paid: USD 156.90

Payment Method: Card
Payment Status: PAID

Thank you for your purchase.",RECEIPT
"INVOICE

Invoice Number: INV-1111
Invoice Date: 2026-09-19
Due Date: 2026-10-10

Vendor: GreenTech Solutions
Bill To: Ocean View Enterprises

Description: Wireless Keyboard
Quantity: 3
Unit Price: USD 61.78
Line Total: USD 185.33

Subtotal: USD 185.33
Tax: USD 18.53
Grand Total: USD 203.86

Payment Terms: Net 30
Thank you for your business.",INVOICE
"INVOICE

Invoice Number: INV-1001
Invoice Date: 2026-09-07
Due Date: 2026-10-08

Vendor: GreenTech Solutions
Bill To: Ocean View Enterprises

Description: Network Installation
Quantity: 1
Unit Price: USD 28.34
Line Total: USD 28.34

Subtotal: USD 28.34
Tax: USD 2.83
Grand Total: USD 31.18

Payment Terms: Net 30
Thank you for your business.",INVOICE
"QUOTATION

Quote Number: QT-2010
Quotation Date: 2026-09-20
Valid Until: 2026-10-26

Prepared By: City Computer Store
Customer: Global Retail Group

Item Description: Office Chair
Quantity: 1
Unit Price: USD 487.38
Amount: USD 487.38

Subtotal: USD 487.38
Estimated Tax: USD 48.74
Quoted Total: USD 536.12

This quotation is valid for 30 days.
Prices are subject to the stated terms.",QUOTATION
"QUOTATION

Quote Number: QT-2082
Quotation Date: 2026-09-01
Valid Until: 2026-10-16

Prepared By: BlueWave Trading
Customer: Northstar Consulting

Item Description: USB Cable
Quantity: 5
Unit Price: USD 184.22
Amount: USD 921.09

Subtotal: USD 921.09
Estimated Tax: USD 92.11
Quoted Total: USD 1013.20

This quotation is valid for 30 days.
Prices are subject to the stated terms.",QUOTATION
"INVOICE

Invoice Number: INV-1011
Invoice Date: 2026-09-19
Due Date: 2026-10-23

Vendor: Prime Distribution
Bill To: Bright Future Ltd

Description: Office Chair
Quantity: 4
Unit Price: USD 275.68
Line Total: USD 1102.71

Subtotal: USD 1102.71
Tax: USD 110.27
Grand Total: USD 1212.98

Payment Terms: Net 30
Thank you for your business.",INVOICE
"QUOTATION

Quote Number: QT-2037
Quotation Date: 2026-09-02
Valid Until: 2026-10-19

Prepared By: Metro Electronics
Customer: ABC Holdings

Item Description: Wireless Keyboard
Quantity: 5
Unit Price: USD 400.65
Amount: USD 2003.23

Subtotal: USD 2003.23
Estimated Tax: USD 200.32
Quoted Total: USD 2203.56

This quotation is valid for 30 days.
Prices are subject to the stated terms.",QUOTATION
"SALES RECEIPT

Receipt No: RCP-3104
Date: 2026-09-21

Merchant: GreenTech Solutions

Consulting Service
Qty: 2
Price: USD 111.01
Amount: USD 222.02

Subtotal: USD 222.02
Tax: USD 17.76
Total Paid: USD 239.79

Payment Method: Card
Payment Status: PAID

Thank you for your purchase.",RECEIPT
"QUOTATION

Quote Number: QT-2116
Quotation Date: 2026-09-03
Valid Until: 2026-10-12

Prepared By: Nova Office Supplies
Customer: Global Retail Group

Item Description: Consulting Service
Quantity: 4
Unit Price: USD 211.50
Amount: USD 845.99

Subtotal: USD 845.99
Estimated Tax: USD 84.60
Quoted Total: USD 930.59

This quotation is valid for 30 days.
Prices are subject to the stated terms.",QUOTATION
"SALES RECEIPT

Receipt No: RCP-3046
Date: 2026-09-18

Merchant: Sunrise Stationery

Office Chair
Qty: 3
Price: USD 33.46
Amount: USD 100.39

Subtotal: USD 100.39
Tax: USD 8.03
Total Paid: USD 108.42

Payment Method: Card
Payment Status: PAID

Thank you for your purchase.",RECEIPT
"INVOICE

Invoice Number: INV-1029
Invoice Date: 2026-09-16
Due Date: 2026-10-26

Vendor: City Computer Store
Bill To: Northstar Consulting

Description: Printer Paper
Quantity: 8
Unit Price: USD 88.04
Line Total: USD 704.31

Subtotal: USD 704.31
Tax: USD 70.43
Grand Total: USD 774.75

Payment Terms: Net 30
Thank you for your business.",INVOICE
"SALES RECEIPT

Receipt No: RCP-3048
Date: 2026-09-24

Merchant: Metro Electronics

Printer Paper
Qty: 2
Price: USD 100.52
Amount: USD 201.03

Subtotal: USD 201.03
Tax: USD 16.08
Total Paid: USD 217.12

Payment Method: Card
Payment Status: PAID

Thank you for your purchase.",RECEIPT
"QUOTATION

Quote Number: QT-2113
Quotation Date: 2026-09-18
Valid Until: 2026-10-04

Prepared By: Metro Electronics
Customer: Bright Future Ltd

Item Description: Wireless Keyboard
Quantity: 8
Unit Price: USD 440.83
Amount: USD 3526.68

Subtotal: USD 3526.68
Estimated Tax: USD 352.67
Quoted Total: USD 3879.35

This quotation is valid for 30 days.
Prices are subject to the stated terms.",QUOTATION
"QUOTATION

Quote Number: QT-2092
Quotation Date: 2026-09-20
Valid Until: 2026-10-11

Prepared By: City Computer Store
Customer: Global Retail Group

Item Description: Printer Cartridge
Quantity: 10
Unit Price: USD 332.21
Amount: USD 3322.06

Subtotal: USD 3322.06
Estimated Tax: USD 332.21
Quoted Total: USD 3654.27

This quotation is valid for 30 days.
Prices are subject to the stated terms.",QUOTATION
"SALES RECEIPT

Receipt No: RCP-3022
Date: 2026-09-24

Merchant: Metro Electronics

Printer Cartridge
Qty: 3
Price: USD 69.83
Amount: USD 209.50

Subtotal: USD 209.50
Tax: USD 16.76
Total Paid: USD 226.26

Payment Method: Card
Payment Status: PAID

Thank you for your purchase.",RECEIPT
"INVOICE

Invoice Number: INV-1067
Invoice Date: 2026-09-15
Due Date: 2026-10-22

Vendor: Sunrise Stationery
Bill To: Northstar Consulting

Description: Network Installation
Quantity: 6
Unit Price: USD 150.20
Line Total: USD 901.18

Subtotal: USD 901.18
Tax: USD 90.12
Grand Total: USD 991.30

Payment Terms: Net 30
Thank you for your business.",INVOICE
"QUOTATION

Quote Number: QT-2112
Quotation Date: 2026-09-26
Valid Until: 2026-10-20

Prepared By: Sunrise Stationery
Customer: Global Retail Group

Item Description: Network Installation
Quantity: 3
Unit Price: USD 413.94
Amount: USD 1241.82

Subtotal: USD 1241.82
Estimated Tax: USD 124.18
Quoted Total: USD 1366.00

This quotation is valid for 30 days.
Prices are subject to the stated terms.",QUOTATION
"INVOICE

Invoice Number: INV-1028
Invoice Date: 2026-09-08
Due Date: 2026-10-09

Vendor: BlueWave Trading
Bill To: ABC Holdings

Description: Wireless Keyboard
Quantity: 6
Unit Price: USD 39.84
Line Total: USD 239.04

Subtotal: USD 239.04
Tax: USD 23.90
Grand Total: USD 262.94

Payment Terms: Net 30
Thank you for your business.",INVOICE
"QUOTATION

Quote Number: QT-2108
Quotation Date: 2026-09-25
Valid Until: 2026-10-20

Prepared By: Prime Distribution
Customer: Northstar Consulting

Item Description: Printer Paper
Quantity: 3
Unit Price: USD 420.73
Amount: USD 1262.20

Subtotal: USD 1262.20
Estimated Tax: USD 126.22
Quoted Total: USD 1388.42

This quotation is valid for 30 days.
Prices are subject to the stated terms.",QUOTATION
"SALES RECEIPT

Receipt No: RCP-3021
Date: 2026-09-14

Merchant: Sunrise Stationery

USB Cable
Qty: 4
Price: USD 92.38
Amount: USD 369.52

Subtotal: USD 369.52
Tax: USD 29.56
Total Paid: USD 399.08

Payment Method: Card
Payment Status: PAID

Thank you for your purchase.",RECEIPT
"INVOICE

Invoice Number: INV-1046
Invoice Date: 2026-09-04
Due Date: 2026-10-05

Vendor: Sunrise Stationery
Bill To: Ocean View Enterprises

Description: Wireless Keyboard
Quantity: 5
Unit Price: USD 280.89
Line Total: USD 1404.46

Subtotal: USD 1404.46
Tax: USD 140.45
Grand Total: USD 1544.90

Payment Terms: Net 30
Thank you for your business.",INVOICE
"SALES RECEIPT

Receipt No: RCP-3010
Date: 2026-09-11

Merchant: Alpha Business Services

Printer Paper
Qty: 1
Price: USD 56.08
Amount: USD 56.08

Subtotal: USD 56.08
Tax: USD 4.49
Total Paid: USD 60.57

Payment Method: Card
Payment Status: PAID

Thank you for your purchase.",RECEIPT
"SALES RECEIPT

Receipt No: RCP-3058
Date: 2026-09-06

Merchant: Prime Distribution

Network Installation
Qty: 2
Price: USD 144.59
Amount: USD 289.18

Subtotal: USD 289.18
Tax: USD 23.13
Total Paid: USD 312.31

Payment Method: Card
Payment Status: PAID

Thank you for your purchase.",RECEIPT
